grid_id,key,route,time,type,Unnamed: 0,card,stage
1761,fffee23ae35df8a526ac70afb0157b56,大剧院,2016-09-30 07:57:43,subway_on,178633.0,9f282d6c4f692579163a477e9263e868,0
1392,e1f04bd9880058107e2b77b92342a2e5,车公庙站,2016-09-30 08:33:39,subway_off,178633.0,9f282d6c4f692579163a477e9263e868,1
1761,fffee23ae35df8a526ac70afb0157b56,大剧院,2016-09-30 08:25:13,subway_on,178654.0,6714b52e322e681b17bac6dcdab17889,0
1392,e1f04bd9880058107e2b77b92342a2e5,车公庙站,2016-09-30 08:46:15,subway_off,178654.0,6714b52e322e681b17bac6dcdab17889,1
1761,fffee23ae35df8a526ac70afb0157b56,大剧院,2016-09-30 08:06:12,subway_on,178719.0,57876ab2401036d26dcdfa8ec08a8771,0
1392,e1f04bd9880058107e2b77b92342a2e5,车公庙站,2016-09-30 08:27:54,subway_off,178719.0,57876ab2401036d26dcdfa8ec08a8771,1
1761,fffee23ae35df8a526ac70afb0157b56,大剧院,2016-09-30 08:22:26,subway_on,178736.0,ebfa99102a08a37a9af048536b296f06,0
1392,e1f04bd9880058107e2b77b92342a2e5,车公庙站,2016-09-30 08:42:51,subway_off,178736.0,ebfa99102a08a37a9af048536b296f06,1
1761,fffee23ae35df8a526ac70afb0157b56,大剧院,2016-09-30 08:20:26,subway_on,178750.0,dee784f4c13e05359a13e382c635bbb1,0
1392,e1f04bd9880058107e2b77b92342a2e5,车公庙站,2016-09-30 08:39:40,subway_off,178750.0,dee784f4c13e05359a13e382c635bbb1,1
1761,fffee23ae35df8a526ac70afb0157b56,大剧院,2016-09-30 08:18:12,subway_on,178807.0,ce363e3a20568908c88b9f91d5e22f45,0
1392,e1f04bd9880058107e2b77b92342a2e5,车公庙站,2016-09-30 08:39:01,subway_off,178807.0,ce363e3a20568908c88b9f91d5e22f45,1
1761,fffee23ae35df8a526ac70afb0157b56,大剧院,2016-09-30 08:23:03,subway_on,178811.0,9bfe676c2c73a152c839314d991cbaf2,0
1392,e1f04bd9880058107e2b77b92342a2e5,车公庙站,2016-09-30 08:41:34,subway_off,178811.0,9bfe676c2c73a152c839314d991cbaf2,1
1761,fffee23ae35df8a526ac70afb0157b56,大剧院,2016-09-30 08:00:16,subway_on,178813.0,acb372487acb7c35778580cc5993abab,0
1392,e1f04bd9880058107e2b77b92342a2e5,车公庙站,2016-09-30 08:19:24,subway_off,178813.0,acb372487acb7c35778580cc5993abab,1
1761,fffee23ae35df8a526ac70afb0157b56,大剧院,2016-09-30 08:12:42,subway_on,178870.0,6be839da96c85a2c7087d3fa06c16032,0
1392,e1f04bd9880058107e2b77b92342a2e5,车公庙站,2016-09-30 08:33:25,subway_off,178870.0,6be839da96c85a2c7087d3fa06c16032,1
1761,fffee23ae35df8a526ac70afb0157b56,大剧院,2016-09-30 07:11:15,subway_on,178881.0,a702392bdbe15248cc2ecd3d32d51ada,0
1392,e1f04bd9880058107e2b77b92342a2e5,车公庙站,2016-09-30 07:37:12,subway_off,178881.0,a702392bdbe15248cc2ecd3d32d51ada,1
1761,fffee23ae35df8a526ac70afb0157b56,大剧院,2016-09-30 07:58:52,subway_on,178896.0,fec0e407391072d936f350ef6a9fb163,0
1392,e1f04bd9880058107e2b77b92342a2e5,车公庙站,2016-09-30 08:19:51,subway_off,178896.0,fec0e407391072d936f350ef6a9fb163,1
1761,fffee23ae35df8a526ac70afb0157b56,大剧院,2016-09-30 08:07:26,subway_on,178915.0,4389248f86b7a74574e329936024da45,0
1392,e1f04bd9880058107e2b77b92342a2e5,车公庙站,2016-09-30 08:24:40,subway_off,178915.0,4389248f86b7a74574e329936024da45,1
1761,fffee23ae35df8a526ac70afb0157b56,大剧院,2016-09-30 07:58:23,subway_on,178929.0,95c1ba217cf02213f018f10b8524a50f,0
1392,e1f04bd9880058107e2b77b92342a2e5,车公庙站,2016-09-30 08:17:58,subway_off,178929.0,95c1ba217cf02213f018f10b8524a50f,1
1761,fffee23ae35df8a526ac70afb0157b56,大剧院,2016-09-30 07:54:21,subway_on,178935.0,48d55ad26a17913eab940114b024ec9c,0
1392,e1f04bd9880058107e2b77b92342a2e5,车公庙站,2016-09-30 08:15:27,subway_off,178935.0,48d55ad26a17913eab940114b024ec9c,1
1761,fffee23ae35df8a526ac70afb0157b56,大剧院,2016-09-30 06:28:55,subway_on,178943.0,1d7b77f548bd90a084b8092c2b5ebd86,0
1392,e1f04bd9880058107e2b77b92342a2e5,车公庙站,2016-09-30 06:52:41,subway_off,178943.0,1d7b77f548bd90a084b8092c2b5ebd86,1
1761,fffee23ae35df8a526ac70afb0157b56,大剧院,2016-09-30 07:49:54,subway_on,178953.0,1016ec021c285ed680ecf9ee15add419,0
1392,e1f04bd9880058107e2b77b92342a2e5,车公庙站,2016-09-30 08:10:15,subway_off,178953.0,1016ec021c285ed680ecf9ee15add419,1
1761,fffee23ae35df8a526ac70afb0157b56,大剧院,2016-09-30 07:25:06,subway_on,178965.0,12be317d6ba17baf8b203ca9cae43fe4,0
1392,e1f04bd9880058107e2b77b92342a2e5,车公庙站,2016-09-30 07:45:16,subway_off,178965.0,12be317d6ba17baf8b203ca9cae43fe4,1
1761,fffee23ae35df8a526ac70afb0157b56,大剧院,2016-09-30 08:04:11,subway_on,178973.0,f32fd3a39e0121371b91bafa07f9d403,0
1392,e1f04bd9880058107e2b77b92342a2e5,车公庙站,2016-09-30 08:22:51,subway_off,178973.0,f32fd3a39e0121371b91bafa07f9d403,1
1761,fffee23ae35df8a526ac70afb0157b56,大剧院,2016-09-30 07:58:01,subway_on,178977.0,8c419610054ec23a0c3a4a92e379bff9,0
1392,e1f04bd9880058107e2b77b92342a2e5,车公庙站,2016-09-30 08:18:46,subway_off,178977.0,8c419610054ec23a0c3a4a92e379bff9,1
1761,fffee23ae35df8a526ac70afb0157b56,大剧院,2016-09-30 08:16:58,subway_on,179004.0,397d4e23186e9cfb4c1d434658cfd691,0
1392,e1f04bd9880058107e2b77b92342a2e5,车公庙站,2016-09-30 08:38:43,subway_off,179004.0,397d4e23186e9cfb4c1d434658cfd691,1
1761,fffee23ae35df8a526ac70afb0157b56,大剧院,2016-09-30 08:02:53,subway_on,179033.0,2b73349092e522f47b3a75df35c1418c,0
1392,e1f04bd9880058107e2b77b92342a2e5,车公庙站,2016-09-30 08:24:13,subway_off,179033.0,2b73349092e522f47b3a75df35c1418c,1
1761,fffee23ae35df8a526ac70afb0157b56,大剧院,2016-09-30 07:14:53,subway_on,179047.0,2cda367ac05b9631d36657d19dcc4e14,0
1392,e1f04bd9880058107e2b77b92342a2e5,车公庙站,2016-09-30 07:33:33,subway_off,179047.0,2cda367ac05b9631d36657d19dcc4e14,1
1761,fffee23ae35df8a526ac70afb0157b56,大剧院,2016-09-30 08:04:39,subway_on,179058.0,724125c319624883f48ff2d55fb61dcc,0
1392,e1f04bd9880058107e2b77b92342a2e5,车公庙站,2016-09-30 08:23:48,subway_off,179058.0,724125c319624883f48ff2d55fb61dcc,1
1761,fffee23ae35df8a526ac70afb0157b56,大剧院,2016-09-30 07:54:04,subway_on,179070.0,767b46f077fc948892a68c02337ade72,0
1392,e1f04bd9880058107e2b77b92342a2e5,车公庙站,2016-09-30 08:15:13,subway_off,179070.0,767b46f077fc948892a68c02337ade72,1
1761,fffee23ae35df8a526ac70afb0157b56,大剧院,2016-09-30 08:18:00,subway_on,179107.0,cee5d3ddcecf308747754dc6995f58a6,0
1392,e1f04bd9880058107e2b77b92342a2e5,车公庙站,2016-09-30 08:37:05,subway_off,179107.0,cee5d3ddcecf308747754dc6995f58a6,1
1761,fffee23ae35df8a526ac70afb0157b56,大剧院,2016-09-30 08:17:55,subway_on,179110.0,080f3b8eeb4cb88455d5ca62e73c2ddc,0
1392,e1f04bd9880058107e2b77b92342a2e5,车公庙站,2016-09-30 08:40:14,subway_off,179110.0,080f3b8eeb4cb88455d5ca62e73c2ddc,1
1761,fffee23ae35df8a526ac70afb0157b56,大剧院,2016-09-30 08:26:47,subway_on,179161.0,8dbaa8be79f3752a78b83c6c15b7717f,0
1392,e1f04bd9880058107e2b77b92342a2e5,车公庙站,2016-09-30 08:45:15,subway_off,179161.0,8dbaa8be79f3752a78b83c6c15b7717f,1
1761,fffee23ae35df8a526ac70afb0157b56,大剧院,2016-09-30 08:31:18,subway_on,179175.0,3c179539c6033443c5c96eb933dc0498,0
1392,e1f04bd9880058107e2b77b92342a2e5,车公庙站,2016-09-30 08:49:57,subway_off,179175.0,3c179539c6033443c5c96eb933dc0498,1
1761,7fdaf9dbc2a0dc8c2b35cca53820f5ff,311,2016-09-30 06:21:41,bus_on,193114.0,591adebedc805f0947594eb61644f3d9,0
1392,7fdaf9dbc2a0dc8c2b35cca53820f5ff,311,2016-09-30 09:31:16,bus_off,193114.0,591adebedc805f0947594eb61644f3d9,1
1761,2803b382bc70858593788682e04ca70c,113路,2016-09-30 08:24:47,bus_on,257192.0,ec1561d19a466b8ecce68704da51a025,0
1392,2803b382bc70858593788682e04ca70c,113路,2016-09-30 08:44:56,bus_off,257192.0,ec1561d19a466b8ecce68704da51a025,1
1761,972802bc9678967cf672d29318578c98,223路,2016-09-30 07:40:28,bus_on,261868.0,2ccd7b88d07e1949d81fc754e3820dc9,0
1392,972802bc9678967cf672d29318578c98,223路,2016-09-30 09:42:53,bus_off,261868.0,2ccd7b88d07e1949d81fc754e3820dc9,1
1761,87cec03e1cab5945797721056bc5dc45,大剧院站,2016-09-30 08:33:26,subway_on,391522.0,e8b78f41c5876514999981844c6ebf08,0
1392,e1f04bd9880058107e2b77b92342a2e5,车公庙站,2016-09-30 08:54:24,subway_off,391522.0,e8b78f41c5876514999981844c6ebf08,1
1761,87cec03e1cab5945797721056bc5dc45,大剧院站,2016-09-30 08:23:28,subway_on,391539.0,89f5f67d6769cc0b45aba32efc69fbd4,0
1392,e1f04bd9880058107e2b77b92342a2e5,车公庙站,2016-09-30 08:42:22,subway_off,391539.0,89f5f67d6769cc0b45aba32efc69fbd4,1
1761,87cec03e1cab5945797721056bc5dc45,大剧院站,2016-09-30 07:45:28,subway_on,391545.0,ae6e8e22d3aa5f817fbdcd097bc85e89,0
1392,e1f04bd9880058107e2b77b92342a2e5,车公庙站,2016-09-30 08:06:00,subway_off,391545.0,ae6e8e22d3aa5f817fbdcd097bc85e89,1
1761,87cec03e1cab5945797721056bc5dc45,大剧院站,2016-09-30 08:08:52,subway_on,391554.0,b50d0fd511b52977246973a01f829397,0
1392,e1f04bd9880058107e2b77b92342a2e5,车公庙站,2016-09-30 08:29:09,subway_off,391554.0,b50d0fd511b52977246973a01f829397,1
1761,87cec03e1cab5945797721056bc5dc45,大剧院站,2016-09-30 08:36:11,subway_on,391562.0,a628a12675de26e08d7dc865aa62a209,0
1392,e1f04bd9880058107e2b77b92342a2e5,车公庙站,2016-09-30 08:54:01,subway_off,391562.0,a628a12675de26e08d7dc865aa62a209,1
1761,87cec03e1cab5945797721056bc5dc45,大剧院站,2016-09-30 08:09:06,subway_on,391574.0,844705b58f51c01f691f837525ec7781,0
1392,e1f04bd9880058107e2b77b92342a2e5,车公庙站,2016-09-30 08:30:11,subway_off,391574.0,844705b58f51c01f691f837525ec7781,1
1761,87cec03e1cab5945797721056bc5dc45,大剧院站,2016-09-30 07:55:26,subway_on,391578.0,29202f5d6ea206d0e120cbc3440d12b6,0
1392,e1f04bd9880058107e2b77b92342a2e5,车公庙站,2016-09-30 08:14:02,subway_off,391578.0,29202f5d6ea206d0e120cbc3440d12b6,1
1761,87cec03e1cab5945797721056bc5dc45,大剧院站,2016-09-30 08:25:55,subway_on,391581.0,c5c7331955c025c31fffe777ac8c298f,0
1392,e1f04bd9880058107e2b77b92342a2e5,车公庙站,2016-09-30 08:45:12,subway_off,391581.0,c5c7331955c025c31fffe777ac8c298f,1
1761,87cec03e1cab5945797721056bc5dc45,大剧院站,2016-09-30 08:20:04,subway_on,391583.0,51062e47c87cf0f9f5546b6781b7a9a5,0
1392,e1f04bd9880058107e2b77b92342a2e5,车公庙站,2016-09-30 08:37:02,subway_off,391583.0,51062e47c87cf0f9f5546b6781b7a9a5,1
1761,87cec03e1cab5945797721056bc5dc45,大剧院站,2016-09-30 08:32:26,subway_on,391589.0,bdc0c69fb6058b75a6105a43ee42ee15,0
1392,e1f04bd9880058107e2b77b92342a2e5,车公庙站,2016-09-30 08:50:34,subway_off,391589.0,bdc0c69fb6058b75a6105a43ee42ee15,1
1761,87cec03e1cab5945797721056bc5dc45,大剧院站,2016-09-30 08:29:31,subway_on,391591.0,5181a1cc95fcc0c17363f12952f2cc23,0
1392,e1f04bd9880058107e2b77b92342a2e5,车公庙站,2016-09-30 08:47:26,subway_off,391591.0,5181a1cc95fcc0c17363f12952f2cc23,1
1761,87cec03e1cab5945797721056bc5dc45,大剧院站,2016-09-30 08:15:02,subway_on,391594.0,8d1321db01c6edd77723d6c23309f60e,0
1392,e1f04bd9880058107e2b77b92342a2e5,车公庙站,2016-09-30 08:34:02,subway_off,391594.0,8d1321db01c6edd77723d6c23309f60e,1
1761,87cec03e1cab5945797721056bc5dc45,大剧院站,2016-09-30 07:59:05,subway_on,391597.0,2e20ffb390fbc7cc2ea49e1e21633f2c,0
1392,e1f04bd9880058107e2b77b92342a2e5,车公庙站,2016-09-30 08:19:01,subway_off,391597.0,2e20ffb390fbc7cc2ea49e1e21633f2c,1
1761,87cec03e1cab5945797721056bc5dc45,大剧院站,2016-09-30 08:15:45,subway_on,391607.0,0c23b7cabdf079c8d1359afc272e7960,0
1392,e1f04bd9880058107e2b77b92342a2e5,车公庙站,2016-09-30 08:34:16,subway_off,391607.0,0c23b7cabdf079c8d1359afc272e7960,1
1761,87cec03e1cab5945797721056bc5dc45,大剧院站,2016-09-30 07:47:26,subway_on,391642.0,47e61755f72b97eb3fe21809e4914147,0
1392,e1f04bd9880058107e2b77b92342a2e5,车公庙站,2016-09-30 08:04:21,subway_off,391642.0,47e61755f72b97eb3fe21809e4914147,1
1761,87cec03e1cab5945797721056bc5dc45,大剧院站,2016-09-30 08:23:23,subway_on,391644.0,0c1c62b2f9cedb50cd42a918346186fa,0
1392,e1f04bd9880058107e2b77b92342a2e5,车公庙站,2016-09-30 08:43:06,subway_off,391644.0,0c1c62b2f9cedb50cd42a918346186fa,1
1761,87cec03e1cab5945797721056bc5dc45,大剧院站,2016-09-30 08:03:47,subway_on,391653.0,919bfb68768572f271f3f23a284e7717,0
1392,e1f04bd9880058107e2b77b92342a2e5,车公庙站,2016-09-30 08:23:10,subway_off,391653.0,919bfb68768572f271f3f23a284e7717,1
1761,87cec03e1cab5945797721056bc5dc45,大剧院站,2016-09-30 08:17:45,subway_on,391667.0,d511fa2df6800a091bd4bdd437b9798e,0
1392,e1f04bd9880058107e2b77b92342a2e5,车公庙站,2016-09-30 08:38:28,subway_off,391667.0,d511fa2df6800a091bd4bdd437b9798e,1
1761,87cec03e1cab5945797721056bc5dc45,大剧院站,2016-09-30 08:14:58,subway_on,391681.0,0b7f78e34633f13a2f1b157ca953fb3a,0
1392,e1f04bd9880058107e2b77b92342a2e5,车公庙站,2016-09-30 08:34:50,subway_off,391681.0,0b7f78e34633f13a2f1b157ca953fb3a,1
1761,87cec03e1cab5945797721056bc5dc45,大剧院站,2016-09-30 08:10:51,subway_on,391683.0,23c9784fbc91e1cb55f8dc309443d61a,0
1392,e1f04bd9880058107e2b77b92342a2e5,车公庙站,2016-09-30 08:29:55,subway_off,391683.0,23c9784fbc91e1cb55f8dc309443d61a,1
1761,87cec03e1cab5945797721056bc5dc45,大剧院站,2016-09-30 08:40:33,subway_on,391692.0,cf17f7113342f02755b27aadc3a7cd68,0
1392,e1f04bd9880058107e2b77b92342a2e5,车公庙站,2016-09-30 08:57:20,subway_off,391692.0,cf17f7113342f02755b27aadc3a7cd68,1
1761,87cec03e1cab5945797721056bc5dc45,大剧院站,2016-09-30 07:53:54,subway_on,391693.0,4df2bff51449684a5721fb3c0a2eb02c,0
1392,e1f04bd9880058107e2b77b92342a2e5,车公庙站,2016-09-30 08:11:29,subway_off,391693.0,4df2bff51449684a5721fb3c0a2eb02c,1
1761,87cec03e1cab5945797721056bc5dc45,大剧院站,2016-09-30 06:54:08,subway_on,391716.0,3b6964c5fbdef8cbe71c6bae8f2b69a4,0
1392,e1f04bd9880058107e2b77b92342a2e5,车公庙站,2016-09-30 07:12:53,subway_off,391716.0,3b6964c5fbdef8cbe71c6bae8f2b69a4,1
1761,87cec03e1cab5945797721056bc5dc45,大剧院站,2016-09-30 08:33:49,subway_on,391722.0,aa2efaf117c82313e11983997a7adc5f,0
1392,e1f04bd9880058107e2b77b92342a2e5,车公庙站,2016-09-30 08:55:32,subway_off,391722.0,aa2efaf117c82313e11983997a7adc5f,1
1761,87cec03e1cab5945797721056bc5dc45,大剧院站,2016-09-30 08:19:53,subway_on,391725.0,3c86024f9997f34b47a62ca599197dcb,0
1392,e1f04bd9880058107e2b77b92342a2e5,车公庙站,2016-09-30 08:37:27,subway_off,391725.0,3c86024f9997f34b47a62ca599197dcb,1
1761,87cec03e1cab5945797721056bc5dc45,大剧院站,2016-09-30 07:49:29,subway_on,391731.0,8a9056a506df664f8f6609f9485b6d37,0
1392,e1f04bd9880058107e2b77b92342a2e5,车公庙站,2016-09-30 08:10:08,subway_off,391731.0,8a9056a506df664f8f6609f9485b6d37,1
1761,87cec03e1cab5945797721056bc5dc45,大剧院站,2016-09-30 07:52:14,subway_on,391732.0,973f3a10086bbb6b9bd6d126295d2519,0
1392,e1f04bd9880058107e2b77b92342a2e5,车公庙站,2016-09-30 08:11:23,subway_off,391732.0,973f3a10086bbb6b9bd6d126295d2519,1
1761,87cec03e1cab5945797721056bc5dc45,大剧院站,2016-09-30 07:58:40,subway_on,391769.0,752db3acd5b7af990ae9ef04ee2dea50,0
1392,e1f04bd9880058107e2b77b92342a2e5,车公庙站,2016-09-30 08:19:17,subway_off,391769.0,752db3acd5b7af990ae9ef04ee2dea50,1
1761,87cec03e1cab5945797721056bc5dc45,大剧院站,2016-09-30 08:15:21,subway_on,391772.0,df89185e00f39a56614f71dd95fc31d1,0
1392,e1f04bd9880058107e2b77b92342a2e5,车公庙站,2016-09-30 08:34:57,subway_off,391772.0,df89185e00f39a56614f71dd95fc31d1,1
1761,87cec03e1cab5945797721056bc5dc45,大剧院站,2016-09-30 08:08:51,subway_on,391782.0,d635847b46cb4baa32dd256e37b5b3fc,0
1392,e1f04bd9880058107e2b77b92342a2e5,车公庙站,2016-09-30 08:28:57,subway_off,391782.0,d635847b46cb4baa32dd256e37b5b3fc,1
1761,87cec03e1cab5945797721056bc5dc45,大剧院站,2016-09-30 07:57:41,subway_on,391800.0,d7294e31637572b12e7d1224eb0b8137,0
1392,e1f04bd9880058107e2b77b92342a2e5,车公庙站,2016-09-30 08:16:42,subway_off,391800.0,d7294e31637572b12e7d1224eb0b8137,1
1761,87cec03e1cab5945797721056bc5dc45,大剧院站,2016-09-30 08:36:10,subway_on,391802.0,76a577675b76249f58e13fe052f0ef92,0
1392,e1f04bd9880058107e2b77b92342a2e5,车公庙站,2016-09-30 08:54:32,subway_off,391802.0,76a577675b76249f58e13fe052f0ef92,1
1761,87cec03e1cab5945797721056bc5dc45,大剧院站,2016-09-30 08:27:23,subway_on,391803.0,d812596ccdfe2bfc9b60b4808a1877c2,0
1392,e1f04bd9880058107e2b77b92342a2e5,车公庙站,2016-09-30 08:45:15,subway_off,391803.0,d812596ccdfe2bfc9b60b4808a1877c2,1
1761,87cec03e1cab5945797721056bc5dc45,大剧院站,2016-09-30 07:27:28,subway_on,391818.0,48ecf8c7965a0bb3d43e415a16ca7e94,0
1392,e1f04bd9880058107e2b77b92342a2e5,车公庙站,2016-09-30 07:44:53,subway_off,391818.0,48ecf8c7965a0bb3d43e415a16ca7e94,1
1761,87cec03e1cab5945797721056bc5dc45,大剧院站,2016-09-30 07:56:49,subway_on,391822.0,40a923107835b5c36663d5e1979dd931,0
1392,e1f04bd9880058107e2b77b92342a2e5,车公庙站,2016-09-30 08:15:40,subway_off,391822.0,40a923107835b5c36663d5e1979dd931,1
1761,87cec03e1cab5945797721056bc5dc45,大剧院站,2016-09-30 07:42:52,subway_on,391831.0,f88a14df3772d15af22d03e60a2d8694,0
1392,e1f04bd9880058107e2b77b92342a2e5,车公庙站,2016-09-30 08:01:35,subway_off,391831.0,f88a14df3772d15af22d03e60a2d8694,1
1761,87cec03e1cab5945797721056bc5dc45,大剧院站,2016-09-30 07:51:24,subway_on,391832.0,d3c218c4c5b351420538e7d3c320229b,0
1392,e1f04bd9880058107e2b77b92342a2e5,车公庙站,2016-09-30 08:10:05,subway_off,391832.0,d3c218c4c5b351420538e7d3c320229b,1
1761,87cec03e1cab5945797721056bc5dc45,大剧院站,2016-09-30 08:16:38,subway_on,391833.0,b542280241ea00b3f605a2f968010163,0
1392,e1f04bd9880058107e2b77b92342a2e5,车公庙站,2016-09-30 08:33:39,subway_off,391833.0,b542280241ea00b3f605a2f968010163,1
1761,87cec03e1cab5945797721056bc5dc45,大剧院站,2016-09-30 08:19:49,subway_on,391834.0,aa90779237dc1bd998ee8c769b2b9d76,0
1392,e1f04bd9880058107e2b77b92342a2e5,车公庙站,2016-09-30 08:40:19,subway_off,391834.0,aa90779237dc1bd998ee8c769b2b9d76,1
1761,87cec03e1cab5945797721056bc5dc45,大剧院站,2016-09-30 08:21:44,subway_on,391837.0,2ab0a709cee090302be3305242db5aa7,0
1392,e1f04bd9880058107e2b77b92342a2e5,车公庙站,2016-09-30 08:41:41,subway_off,391837.0,2ab0a709cee090302be3305242db5aa7,1
1761,87cec03e1cab5945797721056bc5dc45,大剧院站,2016-09-30 07:42:15,subway_on,391848.0,c03e9198b5b1df48cbf791c9c162e208,0
1392,e1f04bd9880058107e2b77b92342a2e5,车公庙站,2016-09-30 07:59:35,subway_off,391848.0,c03e9198b5b1df48cbf791c9c162e208,1
1761,87cec03e1cab5945797721056bc5dc45,大剧院站,2016-09-30 08:05:58,subway_on,391851.0,d6f5196196c18ec83407327cdfad713a,0
1392,e1f04bd9880058107e2b77b92342a2e5,车公庙站,2016-09-30 08:23:55,subway_off,391851.0,d6f5196196c18ec83407327cdfad713a,1
1761,87cec03e1cab5945797721056bc5dc45,大剧院站,2016-09-30 07:52:54,subway_on,391869.0,df992e54605d363cb3ac338a2f55e511,0
1392,e1f04bd9880058107e2b77b92342a2e5,车公庙站,2016-09-30 08:12:14,subway_off,391869.0,df992e54605d363cb3ac338a2f55e511,1
1761,87cec03e1cab5945797721056bc5dc45,大剧院站,2016-09-30 08:35:38,subway_on,391878.0,85eb4605c32cd609c9b641a2a063f5e8,0
1392,e1f04bd9880058107e2b77b92342a2e5,车公庙站,2016-09-30 08:54:25,subway_off,391878.0,85eb4605c32cd609c9b641a2a063f5e8,1
1761,87cec03e1cab5945797721056bc5dc45,大剧院站,2016-09-30 08:21:50,subway_on,391897.0,61c6c134d15e5bbd9f405054fb7bd703,0
1392,e1f04bd9880058107e2b77b92342a2e5,车公庙站,2016-09-30 08:39:45,subway_off,391897.0,61c6c134d15e5bbd9f405054fb7bd703,1
1761,87cec03e1cab5945797721056bc5dc45,大剧院站,2016-09-30 08:09:36,subway_on,391905.0,2ff376f7fc72a55539a0a772382b7396,0
1392,e1f04bd9880058107e2b77b92342a2e5,车公庙站,2016-09-30 08:29:28,subway_off,391905.0,2ff376f7fc72a55539a0a772382b7396,1
1761,87cec03e1cab5945797721056bc5dc45,大剧院站,2016-09-30 07:55:50,subway_on,391907.0,5ebabbfed7b7c5e47662cb9699164d0c,0
1392,e1f04bd9880058107e2b77b92342a2e5,车公庙站,2016-09-30 08:13:49,subway_off,391907.0,5ebabbfed7b7c5e47662cb9699164d0c,1
1761,87cec03e1cab5945797721056bc5dc45,大剧院站,2016-09-30 07:54:10,subway_on,391913.0,f9959028ede73a9e551d541937f2d654,0
1392,e1f04bd9880058107e2b77b92342a2e5,车公庙站,2016-09-30 08:15:17,subway_off,391913.0,f9959028ede73a9e551d541937f2d654,1
1761,87cec03e1cab5945797721056bc5dc45,大剧院站,2016-09-30 08:13:15,subway_on,391915.0,27352f369808f2686d87b529cf15a193,0
1392,e1f04bd9880058107e2b77b92342a2e5,车公庙站,2016-09-30 08:35:25,subway_off,391915.0,27352f369808f2686d87b529cf15a193,1
1761,87cec03e1cab5945797721056bc5dc45,大剧院站,2016-09-30 07:23:44,subway_on,391916.0,4e1ab762a5879c7be04cc15bc38b4b5b,0
1392,e1f04bd9880058107e2b77b92342a2e5,车公庙站,2016-09-30 07:42:27,subway_off,391916.0,4e1ab762a5879c7be04cc15bc38b4b5b,1
1761,87cec03e1cab5945797721056bc5dc45,大剧院站,2016-09-30 08:02:16,subway_on,391926.0,d98eb87bd2699da030489cff72659fa1,0
1392,e1f04bd9880058107e2b77b92342a2e5,车公庙站,2016-09-30 08:21:21,subway_off,391926.0,d98eb87bd2699da030489cff72659fa1,1
1761,87cec03e1cab5945797721056bc5dc45,大剧院站,2016-09-30 08:34:26,subway_on,391945.0,647721d5b1ac7045dc1b6589b05f4b61,0
1392,e1f04bd9880058107e2b77b92342a2e5,车公庙站,2016-09-30 08:54:11,subway_off,391945.0,647721d5b1ac7045dc1b6589b05f4b61,1
1761,87cec03e1cab5945797721056bc5dc45,大剧院站,2016-09-30 08:05:30,subway_on,391976.0,8479688366dca32c01af081326dcd4fb,0
1392,e1f04bd9880058107e2b77b92342a2e5,车公庙站,2016-09-30 08:24:30,subway_off,391976.0,8479688366dca32c01af081326dcd4fb,1
1761,87cec03e1cab5945797721056bc5dc45,大剧院站,2016-09-30 08:12:12,subway_on,391999.0,32384f95de3e4880daa838b5a41ddb3f,0
1392,e1f04bd9880058107e2b77b92342a2e5,车公庙站,2016-09-30 08:32:40,subway_off,391999.0,32384f95de3e4880daa838b5a41ddb3f,1
1761,87cec03e1cab5945797721056bc5dc45,大剧院站,2016-09-30 07:59:53,subway_on,392006.0,0a0507c1010519167bf32285db1d734f,0
1392,e1f04bd9880058107e2b77b92342a2e5,车公庙站,2016-09-30 08:18:43,subway_off,392006.0,0a0507c1010519167bf32285db1d734f,1
1761,87cec03e1cab5945797721056bc5dc45,大剧院站,2016-09-30 08:22:22,subway_on,392017.0,eee0978c9aeefb7f8dc6e4782358d220,0
1392,e1f04bd9880058107e2b77b92342a2e5,车公庙站,2016-09-30 08:42:54,subway_off,392017.0,eee0978c9aeefb7f8dc6e4782358d220,1
1761,87cec03e1cab5945797721056bc5dc45,大剧院站,2016-09-30 08:30:50,subway_on,392026.0,ed9516cd73e55019ca0256343f49868e,0
1392,e1f04bd9880058107e2b77b92342a2e5,车公庙站,2016-09-30 08:50:10,subway_off,392026.0,ed9516cd73e55019ca0256343f49868e,1
1761,87cec03e1cab5945797721056bc5dc45,大剧院站,2016-09-30 08:10:48,subway_on,392030.0,6eefbacc9d710cbd69f95c1b03a5e7ab,0
1392,e1f04bd9880058107e2b77b92342a2e5,车公庙站,2016-09-30 08:30:30,subway_off,392030.0,6eefbacc9d710cbd69f95c1b03a5e7ab,1
1761,87cec03e1cab5945797721056bc5dc45,大剧院站,2016-09-30 07:34:33,subway_on,392043.0,2d78b668614ce698fb6a2aff9a9bd337,0
1392,e1f04bd9880058107e2b77b92342a2e5,车公庙站,2016-09-30 07:51:37,subway_off,392043.0,2d78b668614ce698fb6a2aff9a9bd337,1
1761,87cec03e1cab5945797721056bc5dc45,大剧院站,2016-09-30 08:34:57,subway_on,392046.0,150cf68d5dd58a2a08a11203438b99a9,0
1392,e1f04bd9880058107e2b77b92342a2e5,车公庙站,2016-09-30 08:55:13,subway_off,392046.0,150cf68d5dd58a2a08a11203438b99a9,1
1761,87cec03e1cab5945797721056bc5dc45,大剧院站,2016-09-30 07:31:53,subway_on,392080.0,9b3c1203dbf59b25e44443ab8a9cb335,0
1392,e1f04bd9880058107e2b77b92342a2e5,车公庙站,2016-09-30 07:49:13,subway_off,392080.0,9b3c1203dbf59b25e44443ab8a9cb335,1
1761,87cec03e1cab5945797721056bc5dc45,大剧院站,2016-09-30 08:26:08,subway_on,392085.0,5255072860e6a2db2b73a6cb3597b03f,0
1392,e1f04bd9880058107e2b77b92342a2e5,车公庙站,2016-09-30 08:45:44,subway_off,392085.0,5255072860e6a2db2b73a6cb3597b03f,1
1761,87cec03e1cab5945797721056bc5dc45,大剧院站,2016-09-30 07:16:36,subway_on,392100.0,963fe3d380765aae7a5b57e6ab3bed5f,0
1392,e1f04bd9880058107e2b77b92342a2e5,车公庙站,2016-09-30 07:32:42,subway_off,392100.0,963fe3d380765aae7a5b57e6ab3bed5f,1
1761,87cec03e1cab5945797721056bc5dc45,大剧院站,2016-09-30 07:50:47,subway_on,392112.0,5532e8c2c77099d6debd1ca761a416b6,0
1392,e1f04bd9880058107e2b77b92342a2e5,车公庙站,2016-09-30 08:09:43,subway_off,392112.0,5532e8c2c77099d6debd1ca761a416b6,1
1761,87cec03e1cab5945797721056bc5dc45,大剧院站,2016-09-30 08:27:02,subway_on,392128.0,03456712a05fa8a7d0022aa50c082d46,0
1392,e1f04bd9880058107e2b77b92342a2e5,车公庙站,2016-09-30 08:45:06,subway_off,392128.0,03456712a05fa8a7d0022aa50c082d46,1
1761,87cec03e1cab5945797721056bc5dc45,大剧院站,2016-09-30 08:14:11,subway_on,392137.0,68a526bca8f7886be3f147ec119a9239,0
1392,e1f04bd9880058107e2b77b92342a2e5,车公庙站,2016-09-30 08:35:21,subway_off,392137.0,68a526bca8f7886be3f147ec119a9239,1
1761,87cec03e1cab5945797721056bc5dc45,大剧院站,2016-09-30 08:03:00,subway_on,392143.0,c41aa586f2ce103a7e350fbdd58705b7,0
1392,e1f04bd9880058107e2b77b92342a2e5,车公庙站,2016-09-30 08:21:15,subway_off,392143.0,c41aa586f2ce103a7e350fbdd58705b7,1
1761,87cec03e1cab5945797721056bc5dc45,大剧院站,2016-09-30 08:25:40,subway_on,392154.0,76914c045ccb3d6f52f8701d8bdb843b,0
1392,e1f04bd9880058107e2b77b92342a2e5,车公庙站,2016-09-30 08:45:32,subway_off,392154.0,76914c045ccb3d6f52f8701d8bdb843b,1
1761,87cec03e1cab5945797721056bc5dc45,大剧院站,2016-09-30 07:39:11,subway_on,392157.0,f81214ba986cfb67afd5148ab1a8a3db,0
1392,e1f04bd9880058107e2b77b92342a2e5,车公庙站,2016-09-30 07:57:09,subway_off,392157.0,f81214ba986cfb67afd5148ab1a8a3db,1
1761,87cec03e1cab5945797721056bc5dc45,大剧院站,2016-09-30 07:27:35,subway_on,392159.0,b385f144b2792564c346d564ed53721e,0
1392,e1f04bd9880058107e2b77b92342a2e5,车公庙站,2016-09-30 07:46:50,subway_off,392159.0,b385f144b2792564c346d564ed53721e,1
1761,87cec03e1cab5945797721056bc5dc45,大剧院站,2016-09-30 08:16:01,subway_on,392161.0,fee86bc58220fea08b308647d71e9de7,0
1392,e1f04bd9880058107e2b77b92342a2e5,车公庙站,2016-09-30 08:34:14,subway_off,392161.0,fee86bc58220fea08b308647d71e9de7,1
1761,87cec03e1cab5945797721056bc5dc45,大剧院站,2016-09-30 08:06:47,subway_on,392162.0,3d3de6f527e7f483c406940b2f7a40ae,0
1392,e1f04bd9880058107e2b77b92342a2e5,车公庙站,2016-09-30 08:24:51,subway_off,392162.0,3d3de6f527e7f483c406940b2f7a40ae,1
1761,87cec03e1cab5945797721056bc5dc45,大剧院站,2016-09-30 08:23:35,subway_on,392180.0,f3c238a6eec01b48b835810777d2fbd6,0
1392,e1f04bd9880058107e2b77b92342a2e5,车公庙站,2016-09-30 08:42:59,subway_off,392180.0,f3c238a6eec01b48b835810777d2fbd6,1
1761,87cec03e1cab5945797721056bc5dc45,大剧院站,2016-09-30 07:57:57,subway_on,392188.0,c60fcb723d24f26f6cde26b107b71dee,0
1392,e1f04bd9880058107e2b77b92342a2e5,车公庙站,2016-09-30 08:15:56,subway_off,392188.0,c60fcb723d24f26f6cde26b107b71dee,1
1761,87cec03e1cab5945797721056bc5dc45,大剧院站,2016-09-30 08:25:14,subway_on,392197.0,7180b897151089314a5f5558ab82308c,0
1392,e1f04bd9880058107e2b77b92342a2e5,车公庙站,2016-09-30 08:45:25,subway_off,392197.0,7180b897151089314a5f5558ab82308c,1
1761,87cec03e1cab5945797721056bc5dc45,大剧院站,2016-09-30 08:12:07,subway_on,392211.0,061bc294fa318ab8907b3adc3d54fe29,0
1392,e1f04bd9880058107e2b77b92342a2e5,车公庙站,2016-09-30 08:32:09,subway_off,392211.0,061bc294fa318ab8907b3adc3d54fe29,1
1761,87cec03e1cab5945797721056bc5dc45,大剧院站,2016-09-30 07:49:52,subway_on,392214.0,67f060f2dd2c71158fd028c4cfb41046,0
1392,e1f04bd9880058107e2b77b92342a2e5,车公庙站,2016-09-30 08:10:17,subway_off,392214.0,67f060f2dd2c71158fd028c4cfb41046,1
1761,87cec03e1cab5945797721056bc5dc45,大剧院站,2016-09-30 08:19:18,subway_on,392215.0,27c4609f769627779103e12c3e4449fc,0
1392,e1f04bd9880058107e2b77b92342a2e5,车公庙站,2016-09-30 08:38:59,subway_off,392215.0,27c4609f769627779103e12c3e4449fc,1
1761,87cec03e1cab5945797721056bc5dc45,大剧院站,2016-09-30 08:14:23,subway_on,392218.0,b4ba814cc9ea42e3df61109f56731aa5,0
1392,e1f04bd9880058107e2b77b92342a2e5,车公庙站,2016-09-30 08:34:54,subway_off,392218.0,b4ba814cc9ea42e3df61109f56731aa5,1
1761,87cec03e1cab5945797721056bc5dc45,大剧院站,2016-09-30 07:31:39,subway_on,392228.0,aceb28423e52fbe7a2e2f4a0bfadf6d0,0
1392,e1f04bd9880058107e2b77b92342a2e5,车公庙站,2016-09-30 07:48:53,subway_off,392228.0,aceb28423e52fbe7a2e2f4a0bfadf6d0,1
1761,87cec03e1cab5945797721056bc5dc45,大剧院站,2016-09-30 07:57:19,subway_on,392234.0,d828c3ff47113d0200838d70bc866db1,0
1392,e1f04bd9880058107e2b77b92342a2e5,车公庙站,2016-09-30 08:16:32,subway_off,392234.0,d828c3ff47113d0200838d70bc866db1,1
1761,87cec03e1cab5945797721056bc5dc45,大剧院站,2016-09-30 08:28:51,subway_on,392236.0,8565ca5787e65b0c108c262823cebe09,0
1392,e1f04bd9880058107e2b77b92342a2e5,车公庙站,2016-09-30 08:47:15,subway_off,392236.0,8565ca5787e65b0c108c262823cebe09,1
1761,87cec03e1cab5945797721056bc5dc45,大剧院站,2016-09-30 08:32:59,subway_on,392239.0,4c220da2b4a0d539d91f6d55918f3751,0
1392,e1f04bd9880058107e2b77b92342a2e5,车公庙站,2016-09-30 08:54:16,subway_off,392239.0,4c220da2b4a0d539d91f6d55918f3751,1
1761,87cec03e1cab5945797721056bc5dc45,大剧院站,2016-09-30 08:40:31,subway_on,392245.0,699e1925eea1a62313b7e445fce77be0,0
1392,e1f04bd9880058107e2b77b92342a2e5,车公庙站,2016-09-30 08:57:09,subway_off,392245.0,699e1925eea1a62313b7e445fce77be0,1
1761,87cec03e1cab5945797721056bc5dc45,大剧院站,2016-09-30 08:14:32,subway_on,392250.0,55813eb040c8c5c2ebb12995acd9d775,0
1392,e1f04bd9880058107e2b77b92342a2e5,车公庙站,2016-09-30 08:34:48,subway_off,392250.0,55813eb040c8c5c2ebb12995acd9d775,1
1761,87cec03e1cab5945797721056bc5dc45,大剧院站,2016-09-30 07:56:10,subway_on,392252.0,aaa31aab5c6e62aa2cedbc38f3921341,0
1392,e1f04bd9880058107e2b77b92342a2e5,车公庙站,2016-09-30 08:14:16,subway_off,392252.0,aaa31aab5c6e62aa2cedbc38f3921341,1
1761,87cec03e1cab5945797721056bc5dc45,大剧院站,2016-09-30 07:58:42,subway_on,392259.0,81f7b6658904086bd3661d90847c0d43,0
1392,e1f04bd9880058107e2b77b92342a2e5,车公庙站,2016-09-30 08:18:44,subway_off,392259.0,81f7b6658904086bd3661d90847c0d43,1
1761,87cec03e1cab5945797721056bc5dc45,大剧院站,2016-09-30 08:39:16,subway_on,392280.0,ca0e4e49cd1e33e37b9424218efe0731,0
1392,e1f04bd9880058107e2b77b92342a2e5,车公庙站,2016-09-30 08:58:17,subway_off,392280.0,ca0e4e49cd1e33e37b9424218efe0731,1
1761,87cec03e1cab5945797721056bc5dc45,大剧院站,2016-09-30 08:18:52,subway_on,392282.0,616ae10e5d47c9208654fcf2c2dda0f0,0
1392,e1f04bd9880058107e2b77b92342a2e5,车公庙站,2016-09-30 08:39:24,subway_off,392282.0,616ae10e5d47c9208654fcf2c2dda0f0,1
1761,87cec03e1cab5945797721056bc5dc45,大剧院站,2016-09-30 08:25:52,subway_on,392285.0,419dcb5ccf046e603c951850569cedc4,0
1392,e1f04bd9880058107e2b77b92342a2e5,车公庙站,2016-09-30 08:45:43,subway_off,392285.0,419dcb5ccf046e603c951850569cedc4,1
1761,87cec03e1cab5945797721056bc5dc45,大剧院站,2016-09-30 08:30:47,subway_on,392295.0,6b5be6da55ba431f533fe685edfe2bc8,0
1392,e1f04bd9880058107e2b77b92342a2e5,车公庙站,2016-09-30 08:50:33,subway_off,392295.0,6b5be6da55ba431f533fe685edfe2bc8,1
1761,87cec03e1cab5945797721056bc5dc45,大剧院站,2016-09-30 07:55:11,subway_on,392297.0,9cb9f4d7ec78b37c2bfae9d1a3bb2e3a,0
1392,e1f04bd9880058107e2b77b92342a2e5,车公庙站,2016-09-30 08:13:16,subway_off,392297.0,9cb9f4d7ec78b37c2bfae9d1a3bb2e3a,1
1761,87cec03e1cab5945797721056bc5dc45,大剧院站,2016-09-30 08:19:18,subway_on,392299.0,5f80ff23f5b5db12934189bf48ff28c2,0
1392,e1f04bd9880058107e2b77b92342a2e5,车公庙站,2016-09-30 08:40:07,subway_off,392299.0,5f80ff23f5b5db12934189bf48ff28c2,1
1761,87cec03e1cab5945797721056bc5dc45,大剧院站,2016-09-30 08:03:09,subway_on,392306.0,2ee00ef2d0d5e99c2be02fe39123aee2,0
1392,e1f04bd9880058107e2b77b92342a2e5,车公庙站,2016-09-30 08:22:05,subway_off,392306.0,2ee00ef2d0d5e99c2be02fe39123aee2,1
1761,87cec03e1cab5945797721056bc5dc45,大剧院站,2016-09-30 07:17:00,subway_on,392311.0,36142b151d8539f348a5c5a8a041f8ac,0
1392,e1f04bd9880058107e2b77b92342a2e5,车公庙站,2016-09-30 07:36:04,subway_off,392311.0,36142b151d8539f348a5c5a8a041f8ac,1
1761,87cec03e1cab5945797721056bc5dc45,大剧院站,2016-09-30 08:09:03,subway_on,392317.0,82036ea107b526a82926bf2cdb27b810,0
1392,e1f04bd9880058107e2b77b92342a2e5,车公庙站,2016-09-30 08:29:24,subway_off,392317.0,82036ea107b526a82926bf2cdb27b810,1
1761,87cec03e1cab5945797721056bc5dc45,大剧院站,2016-09-30 08:27:31,subway_on,392336.0,42841ca8c80afaf675d85aa3b7d759d2,0
1392,e1f04bd9880058107e2b77b92342a2e5,车公庙站,2016-09-30 08:45:49,subway_off,392336.0,42841ca8c80afaf675d85aa3b7d759d2,1
1761,87cec03e1cab5945797721056bc5dc45,大剧院站,2016-09-30 07:52:30,subway_on,392340.0,e3c80c4cea7a8e12f225320a3efb3bc3,0
1392,e1f04bd9880058107e2b77b92342a2e5,车公庙站,2016-09-30 08:11:23,subway_off,392340.0,e3c80c4cea7a8e12f225320a3efb3bc3,1
1761,87cec03e1cab5945797721056bc5dc45,大剧院站,2016-09-30 07:49:10,subway_on,392342.0,40c7b3749f59565754cdc12ebd4e7cd0,0
1392,e1f04bd9880058107e2b77b92342a2e5,车公庙站,2016-09-30 08:09:53,subway_off,392342.0,40c7b3749f59565754cdc12ebd4e7cd0,1
1761,87cec03e1cab5945797721056bc5dc45,大剧院站,2016-09-30 07:48:19,subway_on,392356.0,d9d591cf362cdf595eb7f04c345229db,0
1392,e1f04bd9880058107e2b77b92342a2e5,车公庙站,2016-09-30 08:10:21,subway_off,392356.0,d9d591cf362cdf595eb7f04c345229db,1
1761,87cec03e1cab5945797721056bc5dc45,大剧院站,2016-09-30 08:02:49,subway_on,392385.0,bc49f050fde4b5936d8f8d1344c154af,0
1392,e1f04bd9880058107e2b77b92342a2e5,车公庙站,2016-09-30 08:23:34,subway_off,392385.0,bc49f050fde4b5936d8f8d1344c154af,1
1761,87cec03e1cab5945797721056bc5dc45,大剧院站,2016-09-30 08:03:28,subway_on,392393.0,76694c0b4de4f6b7b9ae47a3ae64a27d,0
1392,e1f04bd9880058107e2b77b92342a2e5,车公庙站,2016-09-30 08:20:29,subway_off,392393.0,76694c0b4de4f6b7b9ae47a3ae64a27d,1
1761,87cec03e1cab5945797721056bc5dc45,大剧院站,2016-09-30 08:00:20,subway_on,392397.0,5ba5bbf3d29fb0cbc4dba91dcdf81e14,0
1392,e1f04bd9880058107e2b77b92342a2e5,车公庙站,2016-09-30 08:18:44,subway_off,392397.0,5ba5bbf3d29fb0cbc4dba91dcdf81e14,1
1761,87cec03e1cab5945797721056bc5dc45,大剧院站,2016-09-30 08:03:30,subway_on,392404.0,66058d9081770a7cb91d2860caa354fb,0
1392,e1f04bd9880058107e2b77b92342a2e5,车公庙站,2016-09-30 08:22:06,subway_off,392404.0,66058d9081770a7cb91d2860caa354fb,1
1761,87cec03e1cab5945797721056bc5dc45,大剧院站,2016-09-30 07:57:21,subway_on,392409.0,6b78702c5408372762edd90b5f087bb6,0
1392,e1f04bd9880058107e2b77b92342a2e5,车公庙站,2016-09-30 08:16:09,subway_off,392409.0,6b78702c5408372762edd90b5f087bb6,1
1761,87cec03e1cab5945797721056bc5dc45,大剧院站,2016-09-30 07:54:58,subway_on,392422.0,797266b9028995691bc1b035607d7ce0,0
1392,e1f04bd9880058107e2b77b92342a2e5,车公庙站,2016-09-30 08:15:17,subway_off,392422.0,797266b9028995691bc1b035607d7ce0,1
1761,87cec03e1cab5945797721056bc5dc45,大剧院站,2016-09-30 07:55:29,subway_on,392439.0,40af3a3036da09ced35d86fa20ea89cd,0
1392,e1f04bd9880058107e2b77b92342a2e5,车公庙站,2016-09-30 08:14:23,subway_off,392439.0,40af3a3036da09ced35d86fa20ea89cd,1
1761,87cec03e1cab5945797721056bc5dc45,大剧院站,2016-09-30 08:11:58,subway_on,392451.0,b26f6680a0ed57ecce953476e21c7c91,0
1392,e1f04bd9880058107e2b77b92342a2e5,车公庙站,2016-09-30 08:31:13,subway_off,392451.0,b26f6680a0ed57ecce953476e21c7c91,1
1761,87cec03e1cab5945797721056bc5dc45,大剧院站,2016-09-30 07:52:03,subway_on,392456.0,f988d308b698c49651edec2ea2d20dc2,0
1392,e1f04bd9880058107e2b77b92342a2e5,车公庙站,2016-09-30 08:11:58,subway_off,392456.0,f988d308b698c49651edec2ea2d20dc2,1
1761,87cec03e1cab5945797721056bc5dc45,大剧院站,2016-09-30 08:07:45,subway_on,392479.0,6f06a9c716d7d47e9c90c1706e5c5f25,0
1392,e1f04bd9880058107e2b77b92342a2e5,车公庙站,2016-09-30 08:29:31,subway_off,392479.0,6f06a9c716d7d47e9c90c1706e5c5f25,1
1761,87cec03e1cab5945797721056bc5dc45,大剧院站,2016-09-30 08:08:37,subway_on,392483.0,158f77a97d2bd53249fcb3f28eba6a90,0
1392,e1f04bd9880058107e2b77b92342a2e5,车公庙站,2016-09-30 08:30:43,subway_off,392483.0,158f77a97d2bd53249fcb3f28eba6a90,1
1761,87cec03e1cab5945797721056bc5dc45,大剧院站,2016-09-30 08:19:45,subway_on,392494.0,1ebc590f12d1bb37dd56f0f07c3cd2fb,0
1392,e1f04bd9880058107e2b77b92342a2e5,车公庙站,2016-09-30 08:42:14,subway_off,392494.0,1ebc590f12d1bb37dd56f0f07c3cd2fb,1
1761,87cec03e1cab5945797721056bc5dc45,大剧院站,2016-09-30 08:04:58,subway_on,392525.0,198976028f45ba569f0cbf05eb185808,0
1392,e1f04bd9880058107e2b77b92342a2e5,车公庙站,2016-09-30 08:23:42,subway_off,392525.0,198976028f45ba569f0cbf05eb185808,1
1761,87cec03e1cab5945797721056bc5dc45,大剧院站,2016-09-30 08:10:29,subway_on,392526.0,e7a98035d67d79e41a3d6222fe9d819a,0
1392,e1f04bd9880058107e2b77b92342a2e5,车公庙站,2016-09-30 08:29:37,subway_off,392526.0,e7a98035d67d79e41a3d6222fe9d819a,1
1761,87cec03e1cab5945797721056bc5dc45,大剧院站,2016-09-30 07:55:08,subway_on,392528.0,74452b3c851dd823eafd7a174e676c20,0
1392,e1f04bd9880058107e2b77b92342a2e5,车公庙站,2016-09-30 08:15:30,subway_off,392528.0,74452b3c851dd823eafd7a174e676c20,1
1761,87cec03e1cab5945797721056bc5dc45,大剧院站,2016-09-30 08:16:42,subway_on,392532.0,910d90be2af55446f89b0101ed94acb7,0
1392,e1f04bd9880058107e2b77b92342a2e5,车公庙站,2016-09-30 08:34:26,subway_off,392532.0,910d90be2af55446f89b0101ed94acb7,1
1761,87cec03e1cab5945797721056bc5dc45,大剧院站,2016-09-30 07:13:18,subway_on,392540.0,12c5352ef9bb6e2ef7a761dfcda279a8,0
1392,e1f04bd9880058107e2b77b92342a2e5,车公庙站,2016-09-30 07:30:31,subway_off,392540.0,12c5352ef9bb6e2ef7a761dfcda279a8,1
1761,87cec03e1cab5945797721056bc5dc45,大剧院站,2016-09-30 08:26:10,subway_on,392567.0,23711af726dcc01e2637ccad551c591e,0
1392,e1f04bd9880058107e2b77b92342a2e5,车公庙站,2016-09-30 08:45:18,subway_off,392567.0,23711af726dcc01e2637ccad551c591e,1
1761,87cec03e1cab5945797721056bc5dc45,大剧院站,2016-09-30 08:12:04,subway_on,392568.0,d1997200c6130cce6cdc0e5c4f69ec7e,0
1392,e1f04bd9880058107e2b77b92342a2e5,车公庙站,2016-09-30 08:33:44,subway_off,392568.0,d1997200c6130cce6cdc0e5c4f69ec7e,1
1761,87cec03e1cab5945797721056bc5dc45,大剧院站,2016-09-30 08:13:57,subway_on,392572.0,f3047b6e3f96371f26f4a5d07f4df608,0
1392,e1f04bd9880058107e2b77b92342a2e5,车公庙站,2016-09-30 08:35:09,subway_off,392572.0,f3047b6e3f96371f26f4a5d07f4df608,1
1761,87cec03e1cab5945797721056bc5dc45,大剧院站,2016-09-30 08:02:29,subway_on,392591.0,9823d01f5f666fa86b2adfb8bf62c32d,0
1392,e1f04bd9880058107e2b77b92342a2e5,车公庙站,2016-09-30 08:20:40,subway_off,392591.0,9823d01f5f666fa86b2adfb8bf62c32d,1
1761,87cec03e1cab5945797721056bc5dc45,大剧院站,2016-09-30 07:40:12,subway_on,392606.0,d425a9da54f2b17ba449a3cbbca22675,0
1392,e1f04bd9880058107e2b77b92342a2e5,车公庙站,2016-09-30 07:57:43,subway_off,392606.0,d425a9da54f2b17ba449a3cbbca22675,1
1761,87cec03e1cab5945797721056bc5dc45,大剧院站,2016-09-30 07:54:31,subway_on,392607.0,db3f1aedc3f3698abfe16310370ee4f9,0
1392,e1f04bd9880058107e2b77b92342a2e5,车公庙站,2016-09-30 08:14:40,subway_off,392607.0,db3f1aedc3f3698abfe16310370ee4f9,1
1761,87cec03e1cab5945797721056bc5dc45,大剧院站,2016-09-30 07:46:05,subway_on,392618.0,32fa5aba89e250d5e32b71050823cde4,0
1392,e1f04bd9880058107e2b77b92342a2e5,车公庙站,2016-09-30 08:06:49,subway_off,392618.0,32fa5aba89e250d5e32b71050823cde4,1
1761,87cec03e1cab5945797721056bc5dc45,大剧院站,2016-09-30 08:33:48,subway_on,392621.0,ccff6538746bc4ad7705b390bfd46e6e,0
1392,e1f04bd9880058107e2b77b92342a2e5,车公庙站,2016-09-30 08:54:04,subway_off,392621.0,ccff6538746bc4ad7705b390bfd46e6e,1
1761,87cec03e1cab5945797721056bc5dc45,大剧院站,2016-09-30 07:56:01,subway_on,392632.0,5ed89e3f49bd788951a132c38509e349,0
1392,e1f04bd9880058107e2b77b92342a2e5,车公庙站,2016-09-30 08:17:00,subway_off,392632.0,5ed89e3f49bd788951a132c38509e349,1
1761,87cec03e1cab5945797721056bc5dc45,大剧院站,2016-09-30 08:24:08,subway_on,392643.0,f1afa4fcc616deafcf569e06e0c93541,0
1392,e1f04bd9880058107e2b77b92342a2e5,车公庙站,2016-09-30 08:43:30,subway_off,392643.0,f1afa4fcc616deafcf569e06e0c93541,1
1761,87cec03e1cab5945797721056bc5dc45,大剧院站,2016-09-30 08:08:23,subway_on,392651.0,28279c5fb7990f983a132d3e8c7f3023,0
1392,e1f04bd9880058107e2b77b92342a2e5,车公庙站,2016-09-30 08:25:20,subway_off,392651.0,28279c5fb7990f983a132d3e8c7f3023,1
1761,87cec03e1cab5945797721056bc5dc45,大剧院站,2016-09-30 07:59:54,subway_on,392663.0,bb6547f4201d4ce7ecdc2dafbd2033b3,0
1392,e1f04bd9880058107e2b77b92342a2e5,车公庙站,2016-09-30 08:19:20,subway_off,392663.0,bb6547f4201d4ce7ecdc2dafbd2033b3,1
1761,87cec03e1cab5945797721056bc5dc45,大剧院站,2016-09-30 07:55:13,subway_on,392674.0,e58ebb7d01c8d351d52f8b711719a975,0
1392,e1f04bd9880058107e2b77b92342a2e5,车公庙站,2016-09-30 08:14:52,subway_off,392674.0,e58ebb7d01c8d351d52f8b711719a975,1
1761,87cec03e1cab5945797721056bc5dc45,大剧院站,2016-09-30 08:22:27,subway_on,392675.0,050128bb7808f7f8d797b5a962f7b30c,0
1392,e1f04bd9880058107e2b77b92342a2e5,车公庙站,2016-09-30 08:42:10,subway_off,392675.0,050128bb7808f7f8d797b5a962f7b30c,1
1761,87cec03e1cab5945797721056bc5dc45,大剧院站,2016-09-30 08:04:46,subway_on,392678.0,410d70e5425c8cc34c414a0a6ffb3952,0
1392,e1f04bd9880058107e2b77b92342a2e5,车公庙站,2016-09-30 08:23:41,subway_off,392678.0,410d70e5425c8cc34c414a0a6ffb3952,1
1761,87cec03e1cab5945797721056bc5dc45,大剧院站,2016-09-30 07:45:00,subway_on,392706.0,a73e140c33d20ea1e452fca746285b21,0
1392,e1f04bd9880058107e2b77b92342a2e5,车公庙站,2016-09-30 08:01:08,subway_off,392706.0,a73e140c33d20ea1e452fca746285b21,1
1761,87cec03e1cab5945797721056bc5dc45,大剧院站,2016-09-30 07:51:30,subway_on,392716.0,1a76a12be650d2abc16155792eaefa4c,0
1392,e1f04bd9880058107e2b77b92342a2e5,车公庙站,2016-09-30 08:08:23,subway_off,392716.0,1a76a12be650d2abc16155792eaefa4c,1
1761,87cec03e1cab5945797721056bc5dc45,大剧院站,2016-09-30 07:52:25,subway_on,392723.0,0910b2c980f7c0446e97e867430ff31e,0
1392,e1f04bd9880058107e2b77b92342a2e5,车公庙站,2016-09-30 08:12:40,subway_off,392723.0,0910b2c980f7c0446e97e867430ff31e,1
1761,87cec03e1cab5945797721056bc5dc45,大剧院站,2016-09-30 06:48:10,subway_on,392737.0,ce784b49a0a10e5d7f4a4e367120a508,0
1392,e1f04bd9880058107e2b77b92342a2e5,车公庙站,2016-09-30 07:07:13,subway_off,392737.0,ce784b49a0a10e5d7f4a4e367120a508,1
