grid_id,key,route,time,type,card,stage
705,1acf0b001fc1e0150f5fc62878a4c85d,M435,2016-11-02 07:11:50,bus_on,aa51bbb5c6096cbf783011548dffa6ea,0
978,1acf0b001fc1e0150f5fc62878a4c85d,M435,2016-11-02 07:33:27,bus_off,aa51bbb5c6096cbf783011548dffa6ea,1
705,fd7cb4313991571e5e9baa136d17b662,观光四线,2016-11-02 07:54:38,bus_on,42517d11109178709f7566506156f7ff,0
978,fd7cb4313991571e5e9baa136d17b662,观光四线,2016-11-02 08:29:56,bus_off,42517d11109178709f7566506156f7ff,1
705,f229961464bf7567c9b5ad782e6eed44,M200线（非融资混动）,2016-11-02 08:31:45,bus_on,fa4e9869ecc652f167214d23c0ac4f0b,0
978,f229961464bf7567c9b5ad782e6eed44,M200线（非融资混动）,2016-11-02 09:24:06,bus_off,fa4e9869ecc652f167214d23c0ac4f0b,1
705,5e08a353d53089a01dc25a2839626d9f,高峰30线（融资电动）,2016-11-02 07:51:47,bus_on,858490519d0dbaeabcaf2ab9d731ab08,0
978,5e08a353d53089a01dc25a2839626d9f,高峰30线（融资电动）,2016-11-02 09:21:43,bus_off,858490519d0dbaeabcaf2ab9d731ab08,1
705,5e08a353d53089a01dc25a2839626d9f,高峰30线（融资电动）,2016-11-02 07:47:51,bus_on,5919a2e3b9774f63156eeab04c5cce64,0
978,5e08a353d53089a01dc25a2839626d9f,高峰30线（融资电动）,2016-11-02 09:21:43,bus_off,5919a2e3b9774f63156eeab04c5cce64,1
705,f3f80fff3fb4ebd5e1ec00775e260d28,M435,2016-11-02 07:39:18,bus_on,f48c0bf9a5fbed5ca729e5f0692de201,0
978,f3f80fff3fb4ebd5e1ec00775e260d28,M435,2016-11-02 08:08:17,bus_off,f48c0bf9a5fbed5ca729e5f0692de201,1
705,8e5eaea4a7f9ab414579b9fb134ae7f2,宝体,2016-11-02 08:13:43,subway_on,9be095e45c808ad04394818bcd55a39b,0
978,6e054ee695777f34b177d148043723e1,深圳大学,2016-11-02 08:34:05,subway_off,9be095e45c808ad04394818bcd55a39b,1
705,8e5eaea4a7f9ab414579b9fb134ae7f2,宝体,2016-11-02 07:44:01,subway_on,9ad571ac6013c56c53d27ad6025c369a,0
978,6e054ee695777f34b177d148043723e1,深圳大学,2016-11-02 08:05:14,subway_off,9ad571ac6013c56c53d27ad6025c369a,1
705,8e5eaea4a7f9ab414579b9fb134ae7f2,宝体,2016-11-02 08:08:44,subway_on,bd43325f788ba17c27014f48f9e4d249,0
978,6e054ee695777f34b177d148043723e1,深圳大学,2016-11-02 08:37:27,subway_off,bd43325f788ba17c27014f48f9e4d249,1
705,8e5eaea4a7f9ab414579b9fb134ae7f2,宝体,2016-11-02 08:02:36,subway_on,85ce02c895ca89dcb48350ae5352f658,0
978,6e054ee695777f34b177d148043723e1,深圳大学,2016-11-02 08:24:50,subway_off,85ce02c895ca89dcb48350ae5352f658,1
705,8e5eaea4a7f9ab414579b9fb134ae7f2,宝体,2016-11-02 07:54:42,subway_on,6339daa375c82bb68d44d3d4e171f667,0
978,6e054ee695777f34b177d148043723e1,深圳大学,2016-11-02 08:15:53,subway_off,6339daa375c82bb68d44d3d4e171f667,1
705,8e5eaea4a7f9ab414579b9fb134ae7f2,宝体,2016-11-02 08:06:22,subway_on,d381aee3c1b74c84168330de2d295229,0
978,6e054ee695777f34b177d148043723e1,深圳大学,2016-11-02 08:24:45,subway_off,d381aee3c1b74c84168330de2d295229,1
705,8e5eaea4a7f9ab414579b9fb134ae7f2,宝体,2016-11-02 07:42:11,subway_on,b293c65f8c90208600dd6bffeb308bfc,0
978,6e054ee695777f34b177d148043723e1,深圳大学,2016-11-02 08:03:55,subway_off,b293c65f8c90208600dd6bffeb308bfc,1
705,8e5eaea4a7f9ab414579b9fb134ae7f2,宝体,2016-11-02 08:06:46,subway_on,8d411c2b1cd0c97244162add4c88ca30,0
978,6e054ee695777f34b177d148043723e1,深圳大学,2016-11-02 08:29:40,subway_off,8d411c2b1cd0c97244162add4c88ca30,1
705,8e5eaea4a7f9ab414579b9fb134ae7f2,宝体,2016-11-02 07:38:23,subway_on,56f314260edf67aa80ada9e23220ae26,0
978,6e054ee695777f34b177d148043723e1,深圳大学,2016-11-02 07:58:07,subway_off,56f314260edf67aa80ada9e23220ae26,1
705,8e5eaea4a7f9ab414579b9fb134ae7f2,宝体,2016-11-02 07:29:37,subway_on,e70e8323d6d7a2d02fac4b5513321bbf,0
978,6e054ee695777f34b177d148043723e1,深圳大学,2016-11-02 07:47:27,subway_off,e70e8323d6d7a2d02fac4b5513321bbf,1
705,8e5eaea4a7f9ab414579b9fb134ae7f2,宝体,2016-11-02 08:07:08,subway_on,90b55a3ae8690d5dcd66b0f74f52503b,0
978,6e054ee695777f34b177d148043723e1,深圳大学,2016-11-02 08:29:50,subway_off,90b55a3ae8690d5dcd66b0f74f52503b,1
705,8e5eaea4a7f9ab414579b9fb134ae7f2,宝体,2016-11-02 07:28:14,subway_on,45af5fa24328b1ff377610764be249e5,0
978,6e054ee695777f34b177d148043723e1,深圳大学,2016-11-02 07:45:07,subway_off,45af5fa24328b1ff377610764be249e5,1
705,8e5eaea4a7f9ab414579b9fb134ae7f2,宝体,2016-11-02 08:23:40,subway_on,015a24d754d545b8d41653b60ae422ef,0
978,6e054ee695777f34b177d148043723e1,深圳大学,2016-11-02 08:46:53,subway_off,015a24d754d545b8d41653b60ae422ef,1
705,8e5eaea4a7f9ab414579b9fb134ae7f2,宝体,2016-11-02 08:02:32,subway_on,99f9a7afc7f1bdcbcf4070d7a06e2ce7,0
978,6e054ee695777f34b177d148043723e1,深圳大学,2016-11-02 08:23:05,subway_off,99f9a7afc7f1bdcbcf4070d7a06e2ce7,1
705,8e5eaea4a7f9ab414579b9fb134ae7f2,宝体,2016-11-02 07:40:02,subway_on,ebcc2468a4a553079af5943919389ad3,0
978,6e054ee695777f34b177d148043723e1,深圳大学,2016-11-02 07:59:20,subway_off,ebcc2468a4a553079af5943919389ad3,1
705,8e5eaea4a7f9ab414579b9fb134ae7f2,宝体,2016-11-02 08:02:46,subway_on,f5203a817e74ce4302bd2ec82bae7844,0
978,6e054ee695777f34b177d148043723e1,深圳大学,2016-11-02 08:22:42,subway_off,f5203a817e74ce4302bd2ec82bae7844,1
705,8e5eaea4a7f9ab414579b9fb134ae7f2,宝体,2016-11-02 07:40:24,subway_on,728db0c0e286c953f14691cdbee3804f,0
978,6e054ee695777f34b177d148043723e1,深圳大学,2016-11-02 07:59:55,subway_off,728db0c0e286c953f14691cdbee3804f,1
705,8e5eaea4a7f9ab414579b9fb134ae7f2,宝体,2016-11-02 07:53:38,subway_on,9c7adae9722a4ac2e12ba5dc600c87e6,0
978,6e054ee695777f34b177d148043723e1,深圳大学,2016-11-02 08:13:34,subway_off,9c7adae9722a4ac2e12ba5dc600c87e6,1
705,8e5eaea4a7f9ab414579b9fb134ae7f2,宝体,2016-11-02 08:35:15,subway_on,742caebdc3c7dad64fc120be5f6b5059,0
978,6e054ee695777f34b177d148043723e1,深圳大学,2016-11-02 08:54:44,subway_off,742caebdc3c7dad64fc120be5f6b5059,1
705,8e5eaea4a7f9ab414579b9fb134ae7f2,宝体,2016-11-02 08:09:19,subway_on,71a03a3a09388c102307b4499b611ce8,0
978,6e054ee695777f34b177d148043723e1,深圳大学,2016-11-02 08:28:24,subway_off,71a03a3a09388c102307b4499b611ce8,1
705,8e5eaea4a7f9ab414579b9fb134ae7f2,宝体,2016-11-02 08:33:47,subway_on,88fbde6514cfe91222c6480da5003ec2,0
978,6e054ee695777f34b177d148043723e1,深圳大学,2016-11-02 08:55:24,subway_off,88fbde6514cfe91222c6480da5003ec2,1
705,8e5eaea4a7f9ab414579b9fb134ae7f2,宝体,2016-11-02 08:37:27,subway_on,addde84ca54432376ec96a5568457213,0
978,6e054ee695777f34b177d148043723e1,深圳大学,2016-11-02 08:56:40,subway_off,addde84ca54432376ec96a5568457213,1
705,8e5eaea4a7f9ab414579b9fb134ae7f2,宝体,2016-11-02 08:04:07,subway_on,9b37058b15d23c90aad4103faefe8fe6,0
978,6e054ee695777f34b177d148043723e1,深圳大学,2016-11-02 08:25:47,subway_off,9b37058b15d23c90aad4103faefe8fe6,1
705,8e5eaea4a7f9ab414579b9fb134ae7f2,宝体,2016-11-02 08:12:37,subway_on,395ef3d312d7f673da5a240fb700410a,0
978,6e054ee695777f34b177d148043723e1,深圳大学,2016-11-02 08:38:25,subway_off,395ef3d312d7f673da5a240fb700410a,1
705,8e5eaea4a7f9ab414579b9fb134ae7f2,宝体,2016-11-02 07:58:35,subway_on,d00e6dfb652da116eabdf1274150bad5,0
978,6e054ee695777f34b177d148043723e1,深圳大学,2016-11-02 08:19:24,subway_off,d00e6dfb652da116eabdf1274150bad5,1
705,8e5eaea4a7f9ab414579b9fb134ae7f2,宝体,2016-11-02 08:37:04,subway_on,ce948bb0dcfb08e883860e3a41d6256d,0
978,6e054ee695777f34b177d148043723e1,深圳大学,2016-11-02 08:56:15,subway_off,ce948bb0dcfb08e883860e3a41d6256d,1
705,8e5eaea4a7f9ab414579b9fb134ae7f2,宝体,2016-11-02 07:57:17,subway_on,332407f599a0d01a9af32024e6c3d2a4,0
978,6e054ee695777f34b177d148043723e1,深圳大学,2016-11-02 08:29:31,subway_off,332407f599a0d01a9af32024e6c3d2a4,1
705,8e5eaea4a7f9ab414579b9fb134ae7f2,宝体,2016-11-02 08:10:40,subway_on,e098167660228ea833828889aff5874e,0
978,6e054ee695777f34b177d148043723e1,深圳大学,2016-11-02 08:34:02,subway_off,e098167660228ea833828889aff5874e,1
705,8e5eaea4a7f9ab414579b9fb134ae7f2,宝体,2016-11-02 07:55:10,subway_on,53886b66dc875f3cd14c1326aacf9072,0
978,6e054ee695777f34b177d148043723e1,深圳大学,2016-11-02 08:14:51,subway_off,53886b66dc875f3cd14c1326aacf9072,1
705,8e5eaea4a7f9ab414579b9fb134ae7f2,宝体,2016-11-02 07:52:40,subway_on,8989c00daa6ddde2a419ee04ecaf56c5,0
978,6e054ee695777f34b177d148043723e1,深圳大学,2016-11-02 08:13:17,subway_off,8989c00daa6ddde2a419ee04ecaf56c5,1
705,8e5eaea4a7f9ab414579b9fb134ae7f2,宝体,2016-11-02 08:21:46,subway_on,1611791be60d67d4c4d9ec66e7955ec5,0
978,6e054ee695777f34b177d148043723e1,深圳大学,2016-11-02 08:47:24,subway_off,1611791be60d67d4c4d9ec66e7955ec5,1
705,8e5eaea4a7f9ab414579b9fb134ae7f2,宝体,2016-11-02 08:29:57,subway_on,8f94e981d2765f7158005b893a278087,0
978,6e054ee695777f34b177d148043723e1,深圳大学,2016-11-02 08:50:34,subway_off,8f94e981d2765f7158005b893a278087,1
705,8e5eaea4a7f9ab414579b9fb134ae7f2,宝体,2016-11-02 08:03:18,subway_on,d6d65da0c7398724f782c3777ea48f0d,0
978,6e054ee695777f34b177d148043723e1,深圳大学,2016-11-02 08:23:19,subway_off,d6d65da0c7398724f782c3777ea48f0d,1
705,8e5eaea4a7f9ab414579b9fb134ae7f2,宝体,2016-11-02 07:43:51,subway_on,c76f885226c2df9c92736219a945b37e,0
978,6e054ee695777f34b177d148043723e1,深圳大学,2016-11-02 08:04:49,subway_off,c76f885226c2df9c92736219a945b37e,1
705,8e5eaea4a7f9ab414579b9fb134ae7f2,宝体,2016-11-02 08:23:10,subway_on,af18a1d47bb81a6d6b1f511fafec48e0,0
978,6e054ee695777f34b177d148043723e1,深圳大学,2016-11-02 08:43:33,subway_off,af18a1d47bb81a6d6b1f511fafec48e0,1
705,8e5eaea4a7f9ab414579b9fb134ae7f2,宝体,2016-11-02 07:44:14,subway_on,5d04e2164f989c959948b11b3dcf01c4,0
978,6e054ee695777f34b177d148043723e1,深圳大学,2016-11-02 08:06:11,subway_off,5d04e2164f989c959948b11b3dcf01c4,1
705,8e5eaea4a7f9ab414579b9fb134ae7f2,宝体,2016-11-02 07:36:47,subway_on,28382855e1d4da39da26472db5fbec25,0
978,6e054ee695777f34b177d148043723e1,深圳大学,2016-11-02 07:58:01,subway_off,28382855e1d4da39da26472db5fbec25,1
705,8e5eaea4a7f9ab414579b9fb134ae7f2,宝体,2016-11-02 08:11:44,subway_on,713a7060267b6411d2d128ff3607abe8,0
978,6e054ee695777f34b177d148043723e1,深圳大学,2016-11-02 08:31:45,subway_off,713a7060267b6411d2d128ff3607abe8,1
705,8e5eaea4a7f9ab414579b9fb134ae7f2,宝体,2016-11-02 08:05:17,subway_on,8a9d1ebdb4e359c818ad9d471bc1975b,0
978,6e054ee695777f34b177d148043723e1,深圳大学,2016-11-02 08:24:59,subway_off,8a9d1ebdb4e359c818ad9d471bc1975b,1
705,8e5eaea4a7f9ab414579b9fb134ae7f2,宝体,2016-11-02 08:19:17,subway_on,728dee02a014a8518cd76beddf09bfc7,0
978,6e054ee695777f34b177d148043723e1,深圳大学,2016-11-02 08:43:18,subway_off,728dee02a014a8518cd76beddf09bfc7,1
705,8e5eaea4a7f9ab414579b9fb134ae7f2,宝体,2016-11-02 08:36:32,subway_on,962df35079bbc7afcce2327cd7768f08,0
978,6e054ee695777f34b177d148043723e1,深圳大学,2016-11-02 08:57:06,subway_off,962df35079bbc7afcce2327cd7768f08,1
705,8e5eaea4a7f9ab414579b9fb134ae7f2,宝体,2016-11-02 08:11:40,subway_on,e859b05006fe402614ea6ca30cb0dde2,0
978,6e054ee695777f34b177d148043723e1,深圳大学,2016-11-02 08:36:05,subway_off,e859b05006fe402614ea6ca30cb0dde2,1
705,8e5eaea4a7f9ab414579b9fb134ae7f2,宝体,2016-11-02 07:30:37,subway_on,880e10a84757592fde64d5e21d8f48fd,0
978,6e054ee695777f34b177d148043723e1,深圳大学,2016-11-02 07:51:48,subway_off,880e10a84757592fde64d5e21d8f48fd,1
705,8e5eaea4a7f9ab414579b9fb134ae7f2,宝体,2016-11-02 07:14:05,subway_on,78f74b45ed75b233fb0387cdaa60455a,0
978,6e054ee695777f34b177d148043723e1,深圳大学,2016-11-02 07:32:17,subway_off,78f74b45ed75b233fb0387cdaa60455a,1
705,8e5eaea4a7f9ab414579b9fb134ae7f2,宝体,2016-11-02 08:10:38,subway_on,1f4fe52086d42dc14a0f97fd5d198530,0
978,6e054ee695777f34b177d148043723e1,深圳大学,2016-11-02 08:35:27,subway_off,1f4fe52086d42dc14a0f97fd5d198530,1
705,8e5eaea4a7f9ab414579b9fb134ae7f2,宝体,2016-11-02 08:38:45,subway_on,9b11deae12445df42da4e4fc86d850fc,0
978,6e054ee695777f34b177d148043723e1,深圳大学,2016-11-02 08:59:51,subway_off,9b11deae12445df42da4e4fc86d850fc,1
705,8e5eaea4a7f9ab414579b9fb134ae7f2,宝体,2016-11-02 07:58:14,subway_on,72562622e3026af8ac8145667bd2289f,0
978,6e054ee695777f34b177d148043723e1,深圳大学,2016-11-02 08:18:13,subway_off,72562622e3026af8ac8145667bd2289f,1
705,8e5eaea4a7f9ab414579b9fb134ae7f2,宝体,2016-11-02 08:34:46,subway_on,fe369f8a2f00b6eda99ae93a8e66b467,0
978,6e054ee695777f34b177d148043723e1,深圳大学,2016-11-02 08:54:34,subway_off,fe369f8a2f00b6eda99ae93a8e66b467,1
705,8e5eaea4a7f9ab414579b9fb134ae7f2,宝体,2016-11-02 08:41:10,subway_on,579c4f95c2431c78485b5f14c3c5c0bc,0
978,6e054ee695777f34b177d148043723e1,深圳大学,2016-11-02 08:58:14,subway_off,579c4f95c2431c78485b5f14c3c5c0bc,1
705,8e5eaea4a7f9ab414579b9fb134ae7f2,宝体,2016-11-02 08:24:04,subway_on,962f8c9b4db15d2a94d8f7ab8d7b99bd,0
978,6e054ee695777f34b177d148043723e1,深圳大学,2016-11-02 08:44:00,subway_off,962f8c9b4db15d2a94d8f7ab8d7b99bd,1
705,8e5eaea4a7f9ab414579b9fb134ae7f2,宝体,2016-11-02 08:18:44,subway_on,dc69b21905d98c45729852f16ee9c127,0
978,6e054ee695777f34b177d148043723e1,深圳大学,2016-11-02 08:46:11,subway_off,dc69b21905d98c45729852f16ee9c127,1
705,8e5eaea4a7f9ab414579b9fb134ae7f2,宝体,2016-11-02 08:16:47,subway_on,5dd4ea1e2ea80131aafc2ae20f239bc5,0
978,6e054ee695777f34b177d148043723e1,深圳大学,2016-11-02 08:36:47,subway_off,5dd4ea1e2ea80131aafc2ae20f239bc5,1
705,8e5eaea4a7f9ab414579b9fb134ae7f2,宝体,2016-11-02 07:44:04,subway_on,019eb2b47a8f6ef2ced54aee25b6625a,0
978,6e054ee695777f34b177d148043723e1,深圳大学,2016-11-02 08:07:09,subway_off,019eb2b47a8f6ef2ced54aee25b6625a,1
705,8e5eaea4a7f9ab414579b9fb134ae7f2,宝体,2016-11-02 08:22:01,subway_on,c438820ef8c169c3ffa208e6772fba22,0
978,6e054ee695777f34b177d148043723e1,深圳大学,2016-11-02 08:43:58,subway_off,c438820ef8c169c3ffa208e6772fba22,1
705,8e5eaea4a7f9ab414579b9fb134ae7f2,宝体,2016-11-02 07:16:58,subway_on,c0fcdf95708d99a941656641f4764353,0
978,6e054ee695777f34b177d148043723e1,深圳大学,2016-11-02 07:35:15,subway_off,c0fcdf95708d99a941656641f4764353,1
705,8e5eaea4a7f9ab414579b9fb134ae7f2,宝体,2016-11-02 08:26:39,subway_on,fb5e385142484e72341c3e994725c17d,0
978,6e054ee695777f34b177d148043723e1,深圳大学,2016-11-02 08:46:22,subway_off,fb5e385142484e72341c3e994725c17d,1
705,8e5eaea4a7f9ab414579b9fb134ae7f2,宝体,2016-11-02 08:10:51,subway_on,97e4e279f0c81e0a6e103be9098ad082,0
978,6e054ee695777f34b177d148043723e1,深圳大学,2016-11-02 08:45:12,subway_off,97e4e279f0c81e0a6e103be9098ad082,1
705,8e5eaea4a7f9ab414579b9fb134ae7f2,宝体,2016-11-02 08:04:09,subway_on,866dce33c96b9f6448764716e5fbc342,0
978,6e054ee695777f34b177d148043723e1,深圳大学,2016-11-02 08:36:11,subway_off,866dce33c96b9f6448764716e5fbc342,1
705,8e5eaea4a7f9ab414579b9fb134ae7f2,宝体,2016-11-02 08:12:11,subway_on,383e0ab4d8e8160c19535e4ea67b2663,0
978,6e054ee695777f34b177d148043723e1,深圳大学,2016-11-02 08:35:02,subway_off,383e0ab4d8e8160c19535e4ea67b2663,1
705,8e5eaea4a7f9ab414579b9fb134ae7f2,宝体,2016-11-02 07:43:27,subway_on,f6bb4a99d229c91a8b60376c42a3b1e7,0
978,6e054ee695777f34b177d148043723e1,深圳大学,2016-11-02 08:01:48,subway_off,f6bb4a99d229c91a8b60376c42a3b1e7,1
705,8e5eaea4a7f9ab414579b9fb134ae7f2,宝体,2016-11-02 08:02:36,subway_on,5dd7e319cf267606aa7b691007120155,0
978,6e054ee695777f34b177d148043723e1,深圳大学,2016-11-02 08:22:59,subway_off,5dd7e319cf267606aa7b691007120155,1
705,8e5eaea4a7f9ab414579b9fb134ae7f2,宝体,2016-11-02 08:12:22,subway_on,6848faa3e1239102284bc23d21a772d8,0
978,6e054ee695777f34b177d148043723e1,深圳大学,2016-11-02 08:33:23,subway_off,6848faa3e1239102284bc23d21a772d8,1
705,8e5eaea4a7f9ab414579b9fb134ae7f2,宝体,2016-11-02 07:53:46,subway_on,62674498648cc229a290b768ba8ac1a1,0
978,6e054ee695777f34b177d148043723e1,深圳大学,2016-11-02 08:13:52,subway_off,62674498648cc229a290b768ba8ac1a1,1
705,8e5eaea4a7f9ab414579b9fb134ae7f2,宝体,2016-11-02 07:29:55,subway_on,2720a725fc2357139cd4253d4ddb1f9b,0
978,6e054ee695777f34b177d148043723e1,深圳大学,2016-11-02 07:47:49,subway_off,2720a725fc2357139cd4253d4ddb1f9b,1
705,8e5eaea4a7f9ab414579b9fb134ae7f2,宝体,2016-11-02 07:47:51,subway_on,fb1a368f1ec20b6490324654920e93bf,0
978,6e054ee695777f34b177d148043723e1,深圳大学,2016-11-02 08:09:12,subway_off,fb1a368f1ec20b6490324654920e93bf,1
705,8e5eaea4a7f9ab414579b9fb134ae7f2,宝体,2016-11-02 08:33:26,subway_on,09d394bfd1a3c8e81f05556c5831f7ec,0
978,6e054ee695777f34b177d148043723e1,深圳大学,2016-11-02 08:54:13,subway_off,09d394bfd1a3c8e81f05556c5831f7ec,1
705,8e5eaea4a7f9ab414579b9fb134ae7f2,宝体,2016-11-02 08:39:11,subway_on,f771e73349103ffdd98ed0ed296e88c4,0
978,6e054ee695777f34b177d148043723e1,深圳大学,2016-11-02 08:59:19,subway_off,f771e73349103ffdd98ed0ed296e88c4,1
705,8e5eaea4a7f9ab414579b9fb134ae7f2,宝体,2016-11-02 07:41:38,subway_on,4648920b81202e306bc0dbd78acce098,0
978,6e054ee695777f34b177d148043723e1,深圳大学,2016-11-02 08:02:24,subway_off,4648920b81202e306bc0dbd78acce098,1
705,8e5eaea4a7f9ab414579b9fb134ae7f2,宝体,2016-11-02 08:11:27,subway_on,b70aaba55cd2bc6fe078772aaeed7520,0
978,6e054ee695777f34b177d148043723e1,深圳大学,2016-11-02 08:33:46,subway_off,b70aaba55cd2bc6fe078772aaeed7520,1
705,8e5eaea4a7f9ab414579b9fb134ae7f2,宝体,2016-11-02 07:32:33,subway_on,ab61cf074c84b2cf3e40a4d8c84fc22d,0
978,6e054ee695777f34b177d148043723e1,深圳大学,2016-11-02 07:51:31,subway_off,ab61cf074c84b2cf3e40a4d8c84fc22d,1
705,8e5eaea4a7f9ab414579b9fb134ae7f2,宝体,2016-11-02 08:40:51,subway_on,646010a22d8893a6900422816d44a325,0
978,6e054ee695777f34b177d148043723e1,深圳大学,2016-11-02 08:59:00,subway_off,646010a22d8893a6900422816d44a325,1
705,8e5eaea4a7f9ab414579b9fb134ae7f2,宝体,2016-11-02 08:15:39,subway_on,4bc3695acc82f7773c6a88e8c88225ec,0
978,6e054ee695777f34b177d148043723e1,深圳大学,2016-11-02 08:36:11,subway_off,4bc3695acc82f7773c6a88e8c88225ec,1
705,8e5eaea4a7f9ab414579b9fb134ae7f2,宝体,2016-11-02 08:28:25,subway_on,3e865e1c9fa36844ff2d0d66c8b70cd0,0
978,6e054ee695777f34b177d148043723e1,深圳大学,2016-11-02 08:50:20,subway_off,3e865e1c9fa36844ff2d0d66c8b70cd0,1
705,8e5eaea4a7f9ab414579b9fb134ae7f2,宝体,2016-11-02 07:42:48,subway_on,79676ffe3459f48ce36f37780623a559,0
978,6e054ee695777f34b177d148043723e1,深圳大学,2016-11-02 08:03:04,subway_off,79676ffe3459f48ce36f37780623a559,1
705,8e5eaea4a7f9ab414579b9fb134ae7f2,宝体,2016-11-02 08:12:05,subway_on,a9e1cc85b7beb737f64e33aaadabe511,0
978,6e054ee695777f34b177d148043723e1,深圳大学,2016-11-02 08:30:39,subway_off,a9e1cc85b7beb737f64e33aaadabe511,1
705,8e5eaea4a7f9ab414579b9fb134ae7f2,宝体,2016-11-02 08:19:50,subway_on,5fbfdcb735778cf49a3f9a0a24aaf8f3,0
978,6e054ee695777f34b177d148043723e1,深圳大学,2016-11-02 08:46:37,subway_off,5fbfdcb735778cf49a3f9a0a24aaf8f3,1
705,8e5eaea4a7f9ab414579b9fb134ae7f2,宝体,2016-11-02 08:37:16,subway_on,c6922bc39aef1faa650872caf7d127e9,0
978,6e054ee695777f34b177d148043723e1,深圳大学,2016-11-02 08:59:14,subway_off,c6922bc39aef1faa650872caf7d127e9,1
705,8e5eaea4a7f9ab414579b9fb134ae7f2,宝体,2016-11-02 07:46:33,subway_on,a4026c9325f50ef40472bcde991566c1,0
978,6e054ee695777f34b177d148043723e1,深圳大学,2016-11-02 08:07:18,subway_off,a4026c9325f50ef40472bcde991566c1,1
705,8e5eaea4a7f9ab414579b9fb134ae7f2,宝体,2016-11-02 07:54:11,subway_on,1315fc966463afebc7dca12ad2a9961f,0
978,6e054ee695777f34b177d148043723e1,深圳大学,2016-11-02 08:12:57,subway_off,1315fc966463afebc7dca12ad2a9961f,1
705,8e5eaea4a7f9ab414579b9fb134ae7f2,宝体,2016-11-02 08:36:12,subway_on,c8921515faa213a5e1e6122b76a7ed2b,0
978,6e054ee695777f34b177d148043723e1,深圳大学,2016-11-02 08:56:55,subway_off,c8921515faa213a5e1e6122b76a7ed2b,1
705,8e5eaea4a7f9ab414579b9fb134ae7f2,宝体,2016-11-02 07:40:32,subway_on,eb4e11ab05743e0b438df752ff2724fc,0
978,6e054ee695777f34b177d148043723e1,深圳大学,2016-11-02 07:58:57,subway_off,eb4e11ab05743e0b438df752ff2724fc,1
705,8e5eaea4a7f9ab414579b9fb134ae7f2,宝体,2016-11-02 08:10:39,subway_on,871a13786dfc00737e58fbf948247c43,0
978,6e054ee695777f34b177d148043723e1,深圳大学,2016-11-02 08:34:31,subway_off,871a13786dfc00737e58fbf948247c43,1
705,8e5eaea4a7f9ab414579b9fb134ae7f2,宝体,2016-11-02 07:49:14,subway_on,7fd243238f08fa780ad1c2565b048571,0
978,6e054ee695777f34b177d148043723e1,深圳大学,2016-11-02 08:07:29,subway_off,7fd243238f08fa780ad1c2565b048571,1
705,8e5eaea4a7f9ab414579b9fb134ae7f2,宝体,2016-11-02 07:47:30,subway_on,6d254f3889e086230c0c002519e3e8c5,0
978,6e054ee695777f34b177d148043723e1,深圳大学,2016-11-02 08:08:36,subway_off,6d254f3889e086230c0c002519e3e8c5,1
705,8e5eaea4a7f9ab414579b9fb134ae7f2,宝体,2016-11-02 07:54:37,subway_on,37a76c3ed98452bdc7e35776518d7e9e,0
978,6e054ee695777f34b177d148043723e1,深圳大学,2016-11-02 08:15:23,subway_off,37a76c3ed98452bdc7e35776518d7e9e,1
705,8e5eaea4a7f9ab414579b9fb134ae7f2,宝体,2016-11-02 08:40:24,subway_on,732f972b1bbb189a02961d6963c852b5,0
978,6e054ee695777f34b177d148043723e1,深圳大学,2016-11-02 08:59:21,subway_off,732f972b1bbb189a02961d6963c852b5,1
705,8e5eaea4a7f9ab414579b9fb134ae7f2,宝体,2016-11-02 08:26:05,subway_on,b09cd0100dda097890fb3a6cccef461c,0
978,6e054ee695777f34b177d148043723e1,深圳大学,2016-11-02 08:49:46,subway_off,b09cd0100dda097890fb3a6cccef461c,1
705,8e5eaea4a7f9ab414579b9fb134ae7f2,宝体,2016-11-02 08:09:53,subway_on,970aae1fe7e58571032a6cc0cf909232,0
978,6e054ee695777f34b177d148043723e1,深圳大学,2016-11-02 08:44:39,subway_off,970aae1fe7e58571032a6cc0cf909232,1
705,8e5eaea4a7f9ab414579b9fb134ae7f2,宝体,2016-11-02 07:45:40,subway_on,672fcbacd215a31cc1846a16a4fa5f72,0
978,6e054ee695777f34b177d148043723e1,深圳大学,2016-11-02 08:05:49,subway_off,672fcbacd215a31cc1846a16a4fa5f72,1
705,8e5eaea4a7f9ab414579b9fb134ae7f2,宝体,2016-11-02 08:25:32,subway_on,3d128a24aecc5b6c83e99e53e6250bc5,0
978,6e054ee695777f34b177d148043723e1,深圳大学,2016-11-02 08:48:37,subway_off,3d128a24aecc5b6c83e99e53e6250bc5,1
705,8e5eaea4a7f9ab414579b9fb134ae7f2,宝体,2016-11-02 07:46:40,subway_on,5244d9b31936a7be2bb115531904e572,0
978,6e054ee695777f34b177d148043723e1,深圳大学,2016-11-02 08:07:32,subway_off,5244d9b31936a7be2bb115531904e572,1
705,8e5eaea4a7f9ab414579b9fb134ae7f2,宝体,2016-11-02 07:54:10,subway_on,293318ac424623a18540747db6312994,0
978,6e054ee695777f34b177d148043723e1,深圳大学,2016-11-02 08:13:30,subway_off,293318ac424623a18540747db6312994,1
705,8e5eaea4a7f9ab414579b9fb134ae7f2,宝体,2016-11-02 08:04:59,subway_on,5bf3e8010eb8e561561a6533859510c7,0
978,6e054ee695777f34b177d148043723e1,深圳大学,2016-11-02 08:35:21,subway_off,5bf3e8010eb8e561561a6533859510c7,1
705,8e5eaea4a7f9ab414579b9fb134ae7f2,宝体,2016-11-02 07:55:42,subway_on,55091378933abb8fc0aeb41821881e97,0
978,6e054ee695777f34b177d148043723e1,深圳大学,2016-11-02 08:28:41,subway_off,55091378933abb8fc0aeb41821881e97,1
705,8e5eaea4a7f9ab414579b9fb134ae7f2,宝体,2016-11-02 08:11:43,subway_on,d8e74962e60b1a48d0b7299affc07309,0
978,6e054ee695777f34b177d148043723e1,深圳大学,2016-11-02 08:31:45,subway_off,d8e74962e60b1a48d0b7299affc07309,1
705,8e5eaea4a7f9ab414579b9fb134ae7f2,宝体,2016-11-02 07:53:48,subway_on,e56837e8fc7dfb0a781d7fd8eb98414b,0
978,6e054ee695777f34b177d148043723e1,深圳大学,2016-11-02 08:12:18,subway_off,e56837e8fc7dfb0a781d7fd8eb98414b,1
705,8e5eaea4a7f9ab414579b9fb134ae7f2,宝体,2016-11-02 07:09:38,subway_on,73923296a03bc87c6d6eb7d80bc853fb,0
978,6e054ee695777f34b177d148043723e1,深圳大学,2016-11-02 07:27:30,subway_off,73923296a03bc87c6d6eb7d80bc853fb,1
705,8e5eaea4a7f9ab414579b9fb134ae7f2,宝体,2016-11-02 08:38:22,subway_on,7235cf9e5f51dea0a21aa53bd3812cda,0
978,6e054ee695777f34b177d148043723e1,深圳大学,2016-11-02 08:58:04,subway_off,7235cf9e5f51dea0a21aa53bd3812cda,1
705,8e5eaea4a7f9ab414579b9fb134ae7f2,宝体,2016-11-02 08:27:56,subway_on,0e373d5cf6f1ab4d65c32f8dee3ae171,0
978,6e054ee695777f34b177d148043723e1,深圳大学,2016-11-02 08:50:58,subway_off,0e373d5cf6f1ab4d65c32f8dee3ae171,1
705,8e5eaea4a7f9ab414579b9fb134ae7f2,宝体,2016-11-02 08:04:54,subway_on,436b922e6392a0dd8d7282f7a9c484d9,0
978,6e054ee695777f34b177d148043723e1,深圳大学,2016-11-02 08:25:00,subway_off,436b922e6392a0dd8d7282f7a9c484d9,1
705,8e5eaea4a7f9ab414579b9fb134ae7f2,宝体,2016-11-02 08:37:29,subway_on,52b0688731ac519d64cb9b84805dc598,0
978,6e054ee695777f34b177d148043723e1,深圳大学,2016-11-02 08:56:50,subway_off,52b0688731ac519d64cb9b84805dc598,1
705,8e5eaea4a7f9ab414579b9fb134ae7f2,宝体,2016-11-02 08:17:02,subway_on,8771f4f36e9e8aba63bbc4c7b05ddb36,0
978,6e054ee695777f34b177d148043723e1,深圳大学,2016-11-02 08:40:03,subway_off,8771f4f36e9e8aba63bbc4c7b05ddb36,1
705,8e5eaea4a7f9ab414579b9fb134ae7f2,宝体,2016-11-02 08:14:37,subway_on,d396c7c2c2faa3a8a3a09dcb8198d7c4,0
978,6e054ee695777f34b177d148043723e1,深圳大学,2016-11-02 08:40:52,subway_off,d396c7c2c2faa3a8a3a09dcb8198d7c4,1
705,8e5eaea4a7f9ab414579b9fb134ae7f2,宝体,2016-11-02 08:25:03,subway_on,fb2bfac59816dc8bcb0f51f402ec1b79,0
978,6e054ee695777f34b177d148043723e1,深圳大学,2016-11-02 08:54:36,subway_off,fb2bfac59816dc8bcb0f51f402ec1b79,1
705,8e5eaea4a7f9ab414579b9fb134ae7f2,宝体,2016-11-02 07:32:13,subway_on,3a1e0e8cb1843c69a93dac4df2db16d9,0
978,6e054ee695777f34b177d148043723e1,深圳大学,2016-11-02 07:51:50,subway_off,3a1e0e8cb1843c69a93dac4df2db16d9,1
705,8e5eaea4a7f9ab414579b9fb134ae7f2,宝体,2016-11-02 08:33:06,subway_on,9d5e44eaaedc5bfa623d4f0854d315fa,0
978,6e054ee695777f34b177d148043723e1,深圳大学,2016-11-02 08:54:24,subway_off,9d5e44eaaedc5bfa623d4f0854d315fa,1
705,8e5eaea4a7f9ab414579b9fb134ae7f2,宝体,2016-11-02 08:14:24,subway_on,887392ef095d9ffbb0fd31dc5b27ea27,0
978,6e054ee695777f34b177d148043723e1,深圳大学,2016-11-02 08:36:49,subway_off,887392ef095d9ffbb0fd31dc5b27ea27,1
705,8e5eaea4a7f9ab414579b9fb134ae7f2,宝体,2016-11-02 07:44:39,subway_on,a183bea44bf7218d45211e943f96d63e,0
978,6e054ee695777f34b177d148043723e1,深圳大学,2016-11-02 08:05:32,subway_off,a183bea44bf7218d45211e943f96d63e,1
705,8e5eaea4a7f9ab414579b9fb134ae7f2,宝体,2016-11-02 08:34:44,subway_on,9e6ae6ba84d7682bc462b8be99d2e848,0
978,6e054ee695777f34b177d148043723e1,深圳大学,2016-11-02 08:54:10,subway_off,9e6ae6ba84d7682bc462b8be99d2e848,1
705,8e5eaea4a7f9ab414579b9fb134ae7f2,宝体,2016-11-02 07:58:08,subway_on,ae03791629874a009e7e28cc28e69eca,0
978,6e054ee695777f34b177d148043723e1,深圳大学,2016-11-02 08:17:49,subway_off,ae03791629874a009e7e28cc28e69eca,1
705,8e5eaea4a7f9ab414579b9fb134ae7f2,宝体,2016-11-02 08:27:29,subway_on,3b552e9f6b7c015ce04a9a3c9b5e9572,0
978,6e054ee695777f34b177d148043723e1,深圳大学,2016-11-02 08:46:17,subway_off,3b552e9f6b7c015ce04a9a3c9b5e9572,1
705,8e5eaea4a7f9ab414579b9fb134ae7f2,宝体,2016-11-02 08:22:03,subway_on,881bb80abf640c8c59bd2bb9f8e5ea29,0
978,6e054ee695777f34b177d148043723e1,深圳大学,2016-11-02 08:45:33,subway_off,881bb80abf640c8c59bd2bb9f8e5ea29,1
705,8e5eaea4a7f9ab414579b9fb134ae7f2,宝体,2016-11-02 08:08:06,subway_on,39e76b17ef7b9774240b9e4af5b93d55,0
978,6e054ee695777f34b177d148043723e1,深圳大学,2016-11-02 08:39:36,subway_off,39e76b17ef7b9774240b9e4af5b93d55,1
705,8e5eaea4a7f9ab414579b9fb134ae7f2,宝体,2016-11-02 07:26:07,subway_on,0dce7ebb2ec5624d9bd3624aa3b7dfda,0
978,6e054ee695777f34b177d148043723e1,深圳大学,2016-11-02 07:45:56,subway_off,0dce7ebb2ec5624d9bd3624aa3b7dfda,1
705,8e5eaea4a7f9ab414579b9fb134ae7f2,宝体,2016-11-02 08:36:28,subway_on,819c555be2543c57e5efd3ffdec90f14,0
978,6e054ee695777f34b177d148043723e1,深圳大学,2016-11-02 08:57:22,subway_off,819c555be2543c57e5efd3ffdec90f14,1
705,8e5eaea4a7f9ab414579b9fb134ae7f2,宝体,2016-11-02 08:19:39,subway_on,6d61ab09946cc5ba9ee378276a719e41,0
978,6e054ee695777f34b177d148043723e1,深圳大学,2016-11-02 08:39:31,subway_off,6d61ab09946cc5ba9ee378276a719e41,1
705,8e5eaea4a7f9ab414579b9fb134ae7f2,宝体,2016-11-02 07:52:03,subway_on,496385f39108cd7e71ae557a75c367bf,0
978,6e054ee695777f34b177d148043723e1,深圳大学,2016-11-02 08:24:14,subway_off,496385f39108cd7e71ae557a75c367bf,1
705,8e5eaea4a7f9ab414579b9fb134ae7f2,宝体,2016-11-02 07:59:35,subway_on,237b7390e2439814c2671d9ccbce3549,0
978,6e054ee695777f34b177d148043723e1,深圳大学,2016-11-02 08:20:36,subway_off,237b7390e2439814c2671d9ccbce3549,1
705,8e5eaea4a7f9ab414579b9fb134ae7f2,宝体,2016-11-02 08:22:57,subway_on,7fd298ded7e0fccd33d5e739992a6abe,0
978,6e054ee695777f34b177d148043723e1,深圳大学,2016-11-02 08:44:28,subway_off,7fd298ded7e0fccd33d5e739992a6abe,1
705,8e5eaea4a7f9ab414579b9fb134ae7f2,宝体,2016-11-02 08:03:47,subway_on,24459cd7bd634c9ebde2fa82936ce3c5,0
978,6e054ee695777f34b177d148043723e1,深圳大学,2016-11-02 08:23:10,subway_off,24459cd7bd634c9ebde2fa82936ce3c5,1
705,8e5eaea4a7f9ab414579b9fb134ae7f2,宝体,2016-11-02 07:27:56,subway_on,d24d8a619639d91c2bf1c52df4dd7212,0
978,6e054ee695777f34b177d148043723e1,深圳大学,2016-11-02 07:45:41,subway_off,d24d8a619639d91c2bf1c52df4dd7212,1
705,8e5eaea4a7f9ab414579b9fb134ae7f2,宝体,2016-11-02 08:18:33,subway_on,fd34c461edef173e5c04ffcee3f901ca,0
978,6e054ee695777f34b177d148043723e1,深圳大学,2016-11-02 08:39:09,subway_off,fd34c461edef173e5c04ffcee3f901ca,1
705,8e5eaea4a7f9ab414579b9fb134ae7f2,宝体,2016-11-02 07:47:35,subway_on,6b6520227c46aad169bce2e27212befb,0
978,6e054ee695777f34b177d148043723e1,深圳大学,2016-11-02 08:07:37,subway_off,6b6520227c46aad169bce2e27212befb,1
705,8e5eaea4a7f9ab414579b9fb134ae7f2,宝体,2016-11-02 08:14:33,subway_on,e46169028c0de725fa347a3f100c6f4f,0
978,6e054ee695777f34b177d148043723e1,深圳大学,2016-11-02 08:36:29,subway_off,e46169028c0de725fa347a3f100c6f4f,1
705,8e5eaea4a7f9ab414579b9fb134ae7f2,宝体,2016-11-02 08:00:30,subway_on,3bc210ea42475dfb52058dc50287d008,0
978,6e054ee695777f34b177d148043723e1,深圳大学,2016-11-02 08:20:09,subway_off,3bc210ea42475dfb52058dc50287d008,1
705,8e5eaea4a7f9ab414579b9fb134ae7f2,宝体,2016-11-02 07:14:26,subway_on,418a8ae3fecb7a2d9d583e51379097ee,0
978,6e054ee695777f34b177d148043723e1,深圳大学,2016-11-02 07:32:07,subway_off,418a8ae3fecb7a2d9d583e51379097ee,1
705,8e5eaea4a7f9ab414579b9fb134ae7f2,宝体,2016-11-02 08:09:12,subway_on,064120b5269322914c526a37780bcbff,0
978,6e054ee695777f34b177d148043723e1,深圳大学,2016-11-02 08:32:15,subway_off,064120b5269322914c526a37780bcbff,1
705,8e5eaea4a7f9ab414579b9fb134ae7f2,宝体,2016-11-02 06:55:09,subway_on,2b23ff8739331e2892e8949d6ac3cb31,0
978,6e054ee695777f34b177d148043723e1,深圳大学,2016-11-02 07:17:54,subway_off,2b23ff8739331e2892e8949d6ac3cb31,1
705,8e5eaea4a7f9ab414579b9fb134ae7f2,宝体,2016-11-02 08:02:05,subway_on,ee7dfa260afb019040b66453305bd049,0
978,6e054ee695777f34b177d148043723e1,深圳大学,2016-11-02 08:23:15,subway_off,ee7dfa260afb019040b66453305bd049,1
705,8e5eaea4a7f9ab414579b9fb134ae7f2,宝体,2016-11-02 08:17:44,subway_on,0a95d1117e468d56b5ec685d8e5d26b5,0
978,6e054ee695777f34b177d148043723e1,深圳大学,2016-11-02 08:49:51,subway_off,0a95d1117e468d56b5ec685d8e5d26b5,1
705,8e5eaea4a7f9ab414579b9fb134ae7f2,宝体,2016-11-02 08:18:01,subway_on,d5184bc87479107a02ed747e8e4f6cad,0
978,6e054ee695777f34b177d148043723e1,深圳大学,2016-11-02 08:39:16,subway_off,d5184bc87479107a02ed747e8e4f6cad,1
705,8e5eaea4a7f9ab414579b9fb134ae7f2,宝体,2016-11-02 08:27:07,subway_on,068a4191aa11844df5fd277ce36eaaae,0
978,6e054ee695777f34b177d148043723e1,深圳大学,2016-11-02 08:49:19,subway_off,068a4191aa11844df5fd277ce36eaaae,1
705,8e5eaea4a7f9ab414579b9fb134ae7f2,宝体,2016-11-02 08:20:30,subway_on,0ef728eddec2769ea79997522ac71957,0
978,6e054ee695777f34b177d148043723e1,深圳大学,2016-11-02 08:43:08,subway_off,0ef728eddec2769ea79997522ac71957,1
705,8e5eaea4a7f9ab414579b9fb134ae7f2,宝体,2016-11-02 08:15:07,subway_on,11d9f785503cee55eb5afb5b811fde04,0
978,6e054ee695777f34b177d148043723e1,深圳大学,2016-11-02 08:46:20,subway_off,11d9f785503cee55eb5afb5b811fde04,1
705,8e5eaea4a7f9ab414579b9fb134ae7f2,宝体,2016-11-02 07:57:44,subway_on,ca86c0311c1e6fad6769b52328c6132d,0
978,6e054ee695777f34b177d148043723e1,深圳大学,2016-11-02 08:18:02,subway_off,ca86c0311c1e6fad6769b52328c6132d,1
705,8e5eaea4a7f9ab414579b9fb134ae7f2,宝体,2016-11-02 07:39:46,subway_on,2f4f2affc2f9feea75322e5ad80da388,0
978,6e054ee695777f34b177d148043723e1,深圳大学,2016-11-02 07:59:49,subway_off,2f4f2affc2f9feea75322e5ad80da388,1
705,8e5eaea4a7f9ab414579b9fb134ae7f2,宝体,2016-11-02 07:40:14,subway_on,649b4b3baade6da9a1e6775be36ad430,0
978,6e054ee695777f34b177d148043723e1,深圳大学,2016-11-02 07:59:38,subway_off,649b4b3baade6da9a1e6775be36ad430,1
705,8e5eaea4a7f9ab414579b9fb134ae7f2,宝体,2016-11-02 08:14:25,subway_on,e38ca38393667bc5d0e0a2ada42b335f,0
978,6e054ee695777f34b177d148043723e1,深圳大学,2016-11-02 08:34:35,subway_off,e38ca38393667bc5d0e0a2ada42b335f,1
705,8e5eaea4a7f9ab414579b9fb134ae7f2,宝体,2016-11-02 07:28:28,subway_on,b30d0a13824885fc797e14bd91f32004,0
978,6e054ee695777f34b177d148043723e1,深圳大学,2016-11-02 07:45:19,subway_off,b30d0a13824885fc797e14bd91f32004,1
705,8e5eaea4a7f9ab414579b9fb134ae7f2,宝体,2016-11-02 08:05:25,subway_on,92a89c6a7e01b566df9585bfa9e1e4a5,0
978,6e054ee695777f34b177d148043723e1,深圳大学,2016-11-02 08:24:09,subway_off,92a89c6a7e01b566df9585bfa9e1e4a5,1
705,8e5eaea4a7f9ab414579b9fb134ae7f2,宝体,2016-11-02 08:29:34,subway_on,ce403a7dba8f9a44172ae738362664d4,0
978,6e054ee695777f34b177d148043723e1,深圳大学,2016-11-02 08:52:58,subway_off,ce403a7dba8f9a44172ae738362664d4,1
705,8e5eaea4a7f9ab414579b9fb134ae7f2,宝体,2016-11-02 07:46:54,subway_on,e1ed5ecb5973c612bed92a233b56f912,0
978,6e054ee695777f34b177d148043723e1,深圳大学,2016-11-02 08:08:23,subway_off,e1ed5ecb5973c612bed92a233b56f912,1
705,8e5eaea4a7f9ab414579b9fb134ae7f2,宝体,2016-11-02 07:54:15,subway_on,1e3a307f3a79b81ee5d4cc305e380c40,0
978,6e054ee695777f34b177d148043723e1,深圳大学,2016-11-02 08:12:32,subway_off,1e3a307f3a79b81ee5d4cc305e380c40,1
705,8e5eaea4a7f9ab414579b9fb134ae7f2,宝体,2016-11-02 08:09:55,subway_on,3164efe7dc7ee134c1115c24fc65c876,0
978,6e054ee695777f34b177d148043723e1,深圳大学,2016-11-02 08:28:07,subway_off,3164efe7dc7ee134c1115c24fc65c876,1
705,8e5eaea4a7f9ab414579b9fb134ae7f2,宝体,2016-11-02 07:51:44,subway_on,9914ec9f1c0b6656e46d5422f51cbd7c,0
978,6e054ee695777f34b177d148043723e1,深圳大学,2016-11-02 08:12:50,subway_off,9914ec9f1c0b6656e46d5422f51cbd7c,1
705,8e5eaea4a7f9ab414579b9fb134ae7f2,宝体,2016-11-02 07:42:14,subway_on,8a44f870d12040bdccab72bba7b30f4a,0
978,6e054ee695777f34b177d148043723e1,深圳大学,2016-11-02 08:02:37,subway_off,8a44f870d12040bdccab72bba7b30f4a,1
705,8e5eaea4a7f9ab414579b9fb134ae7f2,宝体,2016-11-02 08:01:20,subway_on,7f9623b4b98231d94c221a0315ff837a,0
978,6e054ee695777f34b177d148043723e1,深圳大学,2016-11-02 08:20:47,subway_off,7f9623b4b98231d94c221a0315ff837a,1
705,8e5eaea4a7f9ab414579b9fb134ae7f2,宝体,2016-11-02 07:59:49,subway_on,8cc02969208d77a5821b5d37af231f21,0
978,6e054ee695777f34b177d148043723e1,深圳大学,2016-11-02 08:21:18,subway_off,8cc02969208d77a5821b5d37af231f21,1
705,8e5eaea4a7f9ab414579b9fb134ae7f2,宝体,2016-11-02 08:40:38,subway_on,271a8de560b251db4cb8eaaf968f83b5,0
978,6e054ee695777f34b177d148043723e1,深圳大学,2016-11-02 08:59:18,subway_off,271a8de560b251db4cb8eaaf968f83b5,1
705,8e5eaea4a7f9ab414579b9fb134ae7f2,宝体,2016-11-02 07:48:10,subway_on,6b1a3040689b59d9186727e28c93cab1,0
978,6e054ee695777f34b177d148043723e1,深圳大学,2016-11-02 08:10:23,subway_off,6b1a3040689b59d9186727e28c93cab1,1
705,8e5eaea4a7f9ab414579b9fb134ae7f2,宝体,2016-11-02 07:44:22,subway_on,63a0eff6a479bb45df152f1041c02507,0
978,6e054ee695777f34b177d148043723e1,深圳大学,2016-11-02 08:07:16,subway_off,63a0eff6a479bb45df152f1041c02507,1
705,8e5eaea4a7f9ab414579b9fb134ae7f2,宝体,2016-11-02 07:41:24,subway_on,edac32298663c3d5a8d879f810f38ef9,0
978,6e054ee695777f34b177d148043723e1,深圳大学,2016-11-02 08:04:15,subway_off,edac32298663c3d5a8d879f810f38ef9,1
705,8e5eaea4a7f9ab414579b9fb134ae7f2,宝体,2016-11-02 08:06:33,subway_on,75170ebb3d59fdbdf864ae12c777980a,0
978,6e054ee695777f34b177d148043723e1,深圳大学,2016-11-02 08:28:09,subway_off,75170ebb3d59fdbdf864ae12c777980a,1
705,8e5eaea4a7f9ab414579b9fb134ae7f2,宝体,2016-11-02 08:06:36,subway_on,a36c9183893d1b2739c18f6f278e04f8,0
978,6e054ee695777f34b177d148043723e1,深圳大学,2016-11-02 08:30:08,subway_off,a36c9183893d1b2739c18f6f278e04f8,1
705,8e5eaea4a7f9ab414579b9fb134ae7f2,宝体,2016-11-02 08:15:15,subway_on,c64f0ed699178a2883e0fbf84aad316d,0
978,6e054ee695777f34b177d148043723e1,深圳大学,2016-11-02 08:37:32,subway_off,c64f0ed699178a2883e0fbf84aad316d,1
705,8e5eaea4a7f9ab414579b9fb134ae7f2,宝体,2016-11-02 07:50:22,subway_on,093c31dfeef608f115ed4a403b74b9b2,0
978,6e054ee695777f34b177d148043723e1,深圳大学,2016-11-02 08:10:30,subway_off,093c31dfeef608f115ed4a403b74b9b2,1
705,8e5eaea4a7f9ab414579b9fb134ae7f2,宝体,2016-11-02 08:32:06,subway_on,f1768072da52a62b1578cee834005e69,0
978,6e054ee695777f34b177d148043723e1,深圳大学,2016-11-02 08:52:35,subway_off,f1768072da52a62b1578cee834005e69,1
705,8e5eaea4a7f9ab414579b9fb134ae7f2,宝体,2016-11-02 07:52:53,subway_on,b819e54ef4e4f81a9fdf9b453a3a80cf,0
978,6e054ee695777f34b177d148043723e1,深圳大学,2016-11-02 08:19:03,subway_off,b819e54ef4e4f81a9fdf9b453a3a80cf,1
705,8e5eaea4a7f9ab414579b9fb134ae7f2,宝体,2016-11-02 07:38:28,subway_on,e1d0fa6b781ee5de31eb5126d8f7a623,0
978,6e054ee695777f34b177d148043723e1,深圳大学,2016-11-02 07:57:35,subway_off,e1d0fa6b781ee5de31eb5126d8f7a623,1
705,8e5eaea4a7f9ab414579b9fb134ae7f2,宝体,2016-11-02 07:48:42,subway_on,215cf25b135fa23c52e21d442430fd00,0
978,6e054ee695777f34b177d148043723e1,深圳大学,2016-11-02 08:07:16,subway_off,215cf25b135fa23c52e21d442430fd00,1
705,8e5eaea4a7f9ab414579b9fb134ae7f2,宝体,2016-11-02 08:09:42,subway_on,9a6492a12f7797ab6c454e771b86bb4e,0
978,6e054ee695777f34b177d148043723e1,深圳大学,2016-11-02 08:28:29,subway_off,9a6492a12f7797ab6c454e771b86bb4e,1
705,8e5eaea4a7f9ab414579b9fb134ae7f2,宝体,2016-11-02 07:57:19,subway_on,49ea38b2e71ed2d31e47af3743db6857,0
978,6e054ee695777f34b177d148043723e1,深圳大学,2016-11-02 08:18:26,subway_off,49ea38b2e71ed2d31e47af3743db6857,1
705,8e5eaea4a7f9ab414579b9fb134ae7f2,宝体,2016-11-02 07:54:08,subway_on,9b33963643b18a29aecfa163840d6f44,0
978,6e054ee695777f34b177d148043723e1,深圳大学,2016-11-02 08:15:25,subway_off,9b33963643b18a29aecfa163840d6f44,1
705,8e5eaea4a7f9ab414579b9fb134ae7f2,宝体,2016-11-02 08:28:54,subway_on,849d000a0bb291ee8eefc6d6d513baf8,0
978,6e054ee695777f34b177d148043723e1,深圳大学,2016-11-02 08:49:47,subway_off,849d000a0bb291ee8eefc6d6d513baf8,1
705,8e5eaea4a7f9ab414579b9fb134ae7f2,宝体,2016-11-02 08:12:31,subway_on,dd4480729c0e8a02180da9b4fc2722ae,0
978,6e054ee695777f34b177d148043723e1,深圳大学,2016-11-02 08:37:32,subway_off,dd4480729c0e8a02180da9b4fc2722ae,1
705,8e5eaea4a7f9ab414579b9fb134ae7f2,宝体,2016-11-02 07:25:47,subway_on,3c30b575a14753e007a35620e37d63f6,0
978,6e054ee695777f34b177d148043723e1,深圳大学,2016-11-02 07:43:17,subway_off,3c30b575a14753e007a35620e37d63f6,1
705,8e5eaea4a7f9ab414579b9fb134ae7f2,宝体,2016-11-02 08:29:06,subway_on,e801e1b6895ef730aea1486d30f6bf6e,0
978,6e054ee695777f34b177d148043723e1,深圳大学,2016-11-02 08:49:06,subway_off,e801e1b6895ef730aea1486d30f6bf6e,1
705,8e5eaea4a7f9ab414579b9fb134ae7f2,宝体,2016-11-02 08:17:20,subway_on,e02675b487f41823c1b6ff5a5a6ede57,0
978,6e054ee695777f34b177d148043723e1,深圳大学,2016-11-02 08:40:54,subway_off,e02675b487f41823c1b6ff5a5a6ede57,1
705,8e5eaea4a7f9ab414579b9fb134ae7f2,宝体,2016-11-02 08:03:01,subway_on,02b9d4022fda50009240bead0bad4149,0
978,6e054ee695777f34b177d148043723e1,深圳大学,2016-11-02 08:22:34,subway_off,02b9d4022fda50009240bead0bad4149,1
705,8e5eaea4a7f9ab414579b9fb134ae7f2,宝体,2016-11-02 07:53:43,subway_on,c0936c21402846508c8fe4b606aa0fb7,0
978,6e054ee695777f34b177d148043723e1,深圳大学,2016-11-02 08:13:57,subway_off,c0936c21402846508c8fe4b606aa0fb7,1
705,8e5eaea4a7f9ab414579b9fb134ae7f2,宝体,2016-11-02 08:01:58,subway_on,d5c57c295d3b328876e2218fd9191a80,0
978,6e054ee695777f34b177d148043723e1,深圳大学,2016-11-02 08:23:17,subway_off,d5c57c295d3b328876e2218fd9191a80,1
705,8e5eaea4a7f9ab414579b9fb134ae7f2,宝体,2016-11-02 07:50:34,subway_on,fcee0ed7a4775f1490dd0a3dc29a23d7,0
978,6e054ee695777f34b177d148043723e1,深圳大学,2016-11-02 08:10:10,subway_off,fcee0ed7a4775f1490dd0a3dc29a23d7,1
705,8e5eaea4a7f9ab414579b9fb134ae7f2,宝体,2016-11-02 08:39:32,subway_on,9799fc2712a67dbe2911b7ae2c5c7427,0
978,6e054ee695777f34b177d148043723e1,深圳大学,2016-11-02 08:59:14,subway_off,9799fc2712a67dbe2911b7ae2c5c7427,1
705,8e5eaea4a7f9ab414579b9fb134ae7f2,宝体,2016-11-02 07:40:27,subway_on,350dcded0b6a0cc97a6b774525c390ad,0
978,6e054ee695777f34b177d148043723e1,深圳大学,2016-11-02 08:00:13,subway_off,350dcded0b6a0cc97a6b774525c390ad,1
705,8e5eaea4a7f9ab414579b9fb134ae7f2,宝体,2016-11-02 08:21:50,subway_on,4d4075bf6188208407da5d02e28e2ca0,0
978,6e054ee695777f34b177d148043723e1,深圳大学,2016-11-02 08:40:51,subway_off,4d4075bf6188208407da5d02e28e2ca0,1
705,8e5eaea4a7f9ab414579b9fb134ae7f2,宝体,2016-11-02 07:59:12,subway_on,3d24a5618ee719efbf7635b4b92427b5,0
978,6e054ee695777f34b177d148043723e1,深圳大学,2016-11-02 08:18:45,subway_off,3d24a5618ee719efbf7635b4b92427b5,1
705,8e5eaea4a7f9ab414579b9fb134ae7f2,宝体,2016-11-02 08:09:25,subway_on,09df1e872d545ae122de5885f00efa19,0
978,6e054ee695777f34b177d148043723e1,深圳大学,2016-11-02 08:45:13,subway_off,09df1e872d545ae122de5885f00efa19,1
705,8e5eaea4a7f9ab414579b9fb134ae7f2,宝体,2016-11-02 07:43:52,subway_on,ed74bec9fab326e5acc7b4b9e4288083,0
978,6e054ee695777f34b177d148043723e1,深圳大学,2016-11-02 08:03:27,subway_off,ed74bec9fab326e5acc7b4b9e4288083,1
705,8e5eaea4a7f9ab414579b9fb134ae7f2,宝体,2016-11-02 08:16:45,subway_on,6b11754cf758fd6abcdb4522641fd3d9,0
978,6e054ee695777f34b177d148043723e1,深圳大学,2016-11-02 08:40:16,subway_off,6b11754cf758fd6abcdb4522641fd3d9,1
705,8e5eaea4a7f9ab414579b9fb134ae7f2,宝体,2016-11-02 08:12:54,subway_on,8d2af57d885832dae6146ca4ff2a3626,0
978,6e054ee695777f34b177d148043723e1,深圳大学,2016-11-02 08:34:21,subway_off,8d2af57d885832dae6146ca4ff2a3626,1
705,8e5eaea4a7f9ab414579b9fb134ae7f2,宝体,2016-11-02 08:03:31,subway_on,c20f2ab86ad53ba8381d9e405f891f84,0
978,6e054ee695777f34b177d148043723e1,深圳大学,2016-11-02 08:22:44,subway_off,c20f2ab86ad53ba8381d9e405f891f84,1
705,8e5eaea4a7f9ab414579b9fb134ae7f2,宝体,2016-11-02 08:08:36,subway_on,17aae0c851753201eed300ff75a66a92,0
978,6e054ee695777f34b177d148043723e1,深圳大学,2016-11-02 08:29:44,subway_off,17aae0c851753201eed300ff75a66a92,1
705,8e5eaea4a7f9ab414579b9fb134ae7f2,宝体,2016-11-02 07:54:54,subway_on,a0e1a84cf0a71de19e1242ed12f9a037,0
978,6e054ee695777f34b177d148043723e1,深圳大学,2016-11-02 08:15:46,subway_off,a0e1a84cf0a71de19e1242ed12f9a037,1
705,8e5eaea4a7f9ab414579b9fb134ae7f2,宝体,2016-11-02 08:16:28,subway_on,4393611e16e8baf77c38bb7c72055a33,0
978,6e054ee695777f34b177d148043723e1,深圳大学,2016-11-02 08:36:57,subway_off,4393611e16e8baf77c38bb7c72055a33,1
705,8e5eaea4a7f9ab414579b9fb134ae7f2,宝体,2016-11-02 07:49:33,subway_on,08a5609da39360ee67bb7af10022a0c2,0
978,6e054ee695777f34b177d148043723e1,深圳大学,2016-11-02 08:09:22,subway_off,08a5609da39360ee67bb7af10022a0c2,1
705,8e5eaea4a7f9ab414579b9fb134ae7f2,宝体,2016-11-02 07:32:02,subway_on,4c642d3a841cd7a6c10d5709a22c1837,0
978,6e054ee695777f34b177d148043723e1,深圳大学,2016-11-02 07:53:18,subway_off,4c642d3a841cd7a6c10d5709a22c1837,1
705,8e5eaea4a7f9ab414579b9fb134ae7f2,宝体,2016-11-02 08:22:11,subway_on,b3367cdfe5c265bb150111428e3d6baf,0
978,6e054ee695777f34b177d148043723e1,深圳大学,2016-11-02 08:44:11,subway_off,b3367cdfe5c265bb150111428e3d6baf,1
705,8e5eaea4a7f9ab414579b9fb134ae7f2,宝体,2016-11-02 07:55:34,subway_on,6a83f67bb88c1952f68f5f0bf7c7d87b,0
978,6e054ee695777f34b177d148043723e1,深圳大学,2016-11-02 08:14:48,subway_off,6a83f67bb88c1952f68f5f0bf7c7d87b,1
705,8e5eaea4a7f9ab414579b9fb134ae7f2,宝体,2016-11-02 08:34:46,subway_on,3b518358189d271449772fdb1c5dad7c,0
978,6e054ee695777f34b177d148043723e1,深圳大学,2016-11-02 08:54:36,subway_off,3b518358189d271449772fdb1c5dad7c,1
705,8e5eaea4a7f9ab414579b9fb134ae7f2,宝体,2016-11-02 08:19:54,subway_on,0aee24a433ad8e2fdc5018b07d54b36a,0
978,6e054ee695777f34b177d148043723e1,深圳大学,2016-11-02 08:41:25,subway_off,0aee24a433ad8e2fdc5018b07d54b36a,1
705,8e5eaea4a7f9ab414579b9fb134ae7f2,宝体,2016-11-02 07:54:39,subway_on,5a897ef5b774ed5b878c7f4886ed355f,0
978,6e054ee695777f34b177d148043723e1,深圳大学,2016-11-02 08:16:04,subway_off,5a897ef5b774ed5b878c7f4886ed355f,1
705,8e5eaea4a7f9ab414579b9fb134ae7f2,宝体,2016-11-02 07:39:12,subway_on,1d8f167103a9696b4fe1a5307456172a,0
978,6e054ee695777f34b177d148043723e1,深圳大学,2016-11-02 07:56:31,subway_off,1d8f167103a9696b4fe1a5307456172a,1
705,8e5eaea4a7f9ab414579b9fb134ae7f2,宝体,2016-11-02 07:57:45,subway_on,68736d9a8d46ed8982e278a762c592ea,0
978,6e054ee695777f34b177d148043723e1,深圳大学,2016-11-02 08:18:55,subway_off,68736d9a8d46ed8982e278a762c592ea,1
705,8e5eaea4a7f9ab414579b9fb134ae7f2,宝体,2016-11-02 08:25:23,subway_on,aed19e5b07746f0db22dd825bc464c42,0
978,6e054ee695777f34b177d148043723e1,深圳大学,2016-11-02 08:46:40,subway_off,aed19e5b07746f0db22dd825bc464c42,1
705,8e5eaea4a7f9ab414579b9fb134ae7f2,宝体,2016-11-02 07:54:20,subway_on,847a447cdf0f8c844ed60b19df245049,0
978,6e054ee695777f34b177d148043723e1,深圳大学,2016-11-02 08:16:57,subway_off,847a447cdf0f8c844ed60b19df245049,1
705,8e5eaea4a7f9ab414579b9fb134ae7f2,宝体,2016-11-02 08:09:17,subway_on,576a2c37aafbf94472ab0fb3dd09c736,0
978,6e054ee695777f34b177d148043723e1,深圳大学,2016-11-02 08:35:56,subway_off,576a2c37aafbf94472ab0fb3dd09c736,1
705,8e5eaea4a7f9ab414579b9fb134ae7f2,宝体,2016-11-02 07:43:30,subway_on,5f1ce87cac1922c60c22f7103e31b977,0
978,6e054ee695777f34b177d148043723e1,深圳大学,2016-11-02 08:03:33,subway_off,5f1ce87cac1922c60c22f7103e31b977,1
705,8e5eaea4a7f9ab414579b9fb134ae7f2,宝体,2016-11-02 08:24:56,subway_on,9e09e0d40ac0a44077aa0a29a5e44e7a,0
978,6e054ee695777f34b177d148043723e1,深圳大学,2016-11-02 08:47:15,subway_off,9e09e0d40ac0a44077aa0a29a5e44e7a,1
705,8e5eaea4a7f9ab414579b9fb134ae7f2,宝体,2016-11-02 08:03:52,subway_on,c4fa23634ea25019678cc9388cf5506c,0
978,6e054ee695777f34b177d148043723e1,深圳大学,2016-11-02 08:24:31,subway_off,c4fa23634ea25019678cc9388cf5506c,1
705,8e5eaea4a7f9ab414579b9fb134ae7f2,宝体,2016-11-02 08:12:06,subway_on,72880aa332498bd80454061a7562bc14,0
978,6e054ee695777f34b177d148043723e1,深圳大学,2016-11-02 08:35:05,subway_off,72880aa332498bd80454061a7562bc14,1
705,8e5eaea4a7f9ab414579b9fb134ae7f2,宝体,2016-11-02 07:33:35,subway_on,29a79b93bc447328961b29702099400e,0
978,6e054ee695777f34b177d148043723e1,深圳大学,2016-11-02 07:50:44,subway_off,29a79b93bc447328961b29702099400e,1
705,8e5eaea4a7f9ab414579b9fb134ae7f2,宝体,2016-11-02 07:49:12,subway_on,922b081d11e7073b130c43168deed31b,0
978,6e054ee695777f34b177d148043723e1,深圳大学,2016-11-02 08:06:44,subway_off,922b081d11e7073b130c43168deed31b,1
705,8e5eaea4a7f9ab414579b9fb134ae7f2,宝体,2016-11-02 07:31:35,subway_on,5d68c122e70a08d85bbd1c637ff30716,0
978,6e054ee695777f34b177d148043723e1,深圳大学,2016-11-02 07:51:21,subway_off,5d68c122e70a08d85bbd1c637ff30716,1
705,8e5eaea4a7f9ab414579b9fb134ae7f2,宝体,2016-11-02 08:32:38,subway_on,102dfa3ee3cc8434826f886e2cc0caf0,0
978,6e054ee695777f34b177d148043723e1,深圳大学,2016-11-02 08:54:35,subway_off,102dfa3ee3cc8434826f886e2cc0caf0,1
705,8e5eaea4a7f9ab414579b9fb134ae7f2,宝体,2016-11-02 08:33:46,subway_on,9dbf13e06b76f248c7c15f5ba87f1127,0
978,6e054ee695777f34b177d148043723e1,深圳大学,2016-11-02 08:54:43,subway_off,9dbf13e06b76f248c7c15f5ba87f1127,1
705,8e5eaea4a7f9ab414579b9fb134ae7f2,宝体,2016-11-02 07:52:17,subway_on,5f175ea0b13d0928a75289613a59f403,0
978,6e054ee695777f34b177d148043723e1,深圳大学,2016-11-02 08:14:06,subway_off,5f175ea0b13d0928a75289613a59f403,1
705,8e5eaea4a7f9ab414579b9fb134ae7f2,宝体,2016-11-02 07:50:32,subway_on,d931863eadcac14cdb8efa2a1e48c514,0
978,6e054ee695777f34b177d148043723e1,深圳大学,2016-11-02 08:10:18,subway_off,d931863eadcac14cdb8efa2a1e48c514,1
705,8e5eaea4a7f9ab414579b9fb134ae7f2,宝体,2016-11-02 08:02:18,subway_on,6a42055883af03cb78e04825dd6eb424,0
978,6e054ee695777f34b177d148043723e1,深圳大学,2016-11-02 08:23:06,subway_off,6a42055883af03cb78e04825dd6eb424,1
705,8e5eaea4a7f9ab414579b9fb134ae7f2,宝体,2016-11-02 07:17:47,subway_on,226f3e0678d263cd5e3e361fd1877a48,0
978,6e054ee695777f34b177d148043723e1,深圳大学,2016-11-02 07:50:57,subway_off,226f3e0678d263cd5e3e361fd1877a48,1
705,8e5eaea4a7f9ab414579b9fb134ae7f2,宝体,2016-11-02 07:41:29,subway_on,4fe260a9ffce50a01b16220f1b143a56,0
978,6e054ee695777f34b177d148043723e1,深圳大学,2016-11-02 08:02:50,subway_off,4fe260a9ffce50a01b16220f1b143a56,1
705,8e5eaea4a7f9ab414579b9fb134ae7f2,宝体,2016-11-02 08:13:57,subway_on,1bf5f16335246db4a8969db7ff4bab78,0
978,6e054ee695777f34b177d148043723e1,深圳大学,2016-11-02 08:42:37,subway_off,1bf5f16335246db4a8969db7ff4bab78,1
705,8e5eaea4a7f9ab414579b9fb134ae7f2,宝体,2016-11-02 08:00:05,subway_on,695f10bcbab0f807537fd5c2d4923eb2,0
978,6e054ee695777f34b177d148043723e1,深圳大学,2016-11-02 08:20:17,subway_off,695f10bcbab0f807537fd5c2d4923eb2,1
705,8e5eaea4a7f9ab414579b9fb134ae7f2,宝体,2016-11-02 06:57:58,subway_on,e211f27bd04fe49d9c5e46f68c0f7e11,0
660,8ff0caab86f30319d4112d0ea2a19463,坪洲,2016-11-02 07:03:12,subway_off,e211f27bd04fe49d9c5e46f68c0f7e11,1
660,8ff0caab86f30319d4112d0ea2a19463,坪洲,2016-11-02 08:17:50,subway_on,e211f27bd04fe49d9c5e46f68c0f7e11,2
978,6e054ee695777f34b177d148043723e1,深圳大学,2016-11-02 08:50:02,subway_off,e211f27bd04fe49d9c5e46f68c0f7e11,3
705,8e5eaea4a7f9ab414579b9fb134ae7f2,宝体,2016-11-02 07:35:01,subway_on,aba1cb20001729b21a4327eea3b0fd05,0
978,6e054ee695777f34b177d148043723e1,深圳大学,2016-11-02 07:53:18,subway_off,aba1cb20001729b21a4327eea3b0fd05,1
705,8e5eaea4a7f9ab414579b9fb134ae7f2,宝体,2016-11-02 08:21:36,subway_on,16662feba7647fb0ed2ea328d526f19d,0
978,6e054ee695777f34b177d148043723e1,深圳大学,2016-11-02 08:42:09,subway_off,16662feba7647fb0ed2ea328d526f19d,1
705,8e5eaea4a7f9ab414579b9fb134ae7f2,宝体,2016-11-02 08:00:32,subway_on,4a2f4481c6870a2b58c0a1a6c2c42c0e,0
978,6e054ee695777f34b177d148043723e1,深圳大学,2016-11-02 08:20:59,subway_off,4a2f4481c6870a2b58c0a1a6c2c42c0e,1
705,8e5eaea4a7f9ab414579b9fb134ae7f2,宝体,2016-11-02 08:22:28,subway_on,e2e7864477dbb8544aec9d4fff72a6b6,0
978,6e054ee695777f34b177d148043723e1,深圳大学,2016-11-02 08:47:47,subway_off,e2e7864477dbb8544aec9d4fff72a6b6,1
705,8e5eaea4a7f9ab414579b9fb134ae7f2,宝体,2016-11-02 08:40:19,subway_on,af7cc6324e6279410419a33b5b95d337,0
978,6e054ee695777f34b177d148043723e1,深圳大学,2016-11-02 08:59:17,subway_off,af7cc6324e6279410419a33b5b95d337,1
705,d5d96e45377801289fc2929e10ff288d,高峰30线（融资电动）,2016-11-02 08:14:16,bus_on,84790ed981be60a407e78b4dc5b87321,0
978,d5d96e45377801289fc2929e10ff288d,高峰30线（融资电动）,2016-11-02 09:25:33,bus_off,84790ed981be60a407e78b4dc5b87321,1
705,8f30ba27cd2f3eb0ad788d1427fd2929,高峰30线（融资电动）,2016-11-02 06:59:40,bus_on,b70a85404f817e5f57b46603a6b560bf,0
978,8f30ba27cd2f3eb0ad788d1427fd2929,高峰30线（融资电动）,2016-11-02 07:51:45,bus_off,b70a85404f817e5f57b46603a6b560bf,1
705,7dc4693a10f510a056866ae92dd6e738,高峰30线（融资电动）,2016-11-02 08:47:37,bus_on,ec18b5290e1a95407e96e1520a7ad85f,0
978,7dc4693a10f510a056866ae92dd6e738,高峰30线（融资电动）,2016-11-02 09:20:35,bus_off,ec18b5290e1a95407e96e1520a7ad85f,1
705,e45a910b2075b20ce804a0000ae51e1c,323,2016-11-02 08:07:10,bus_on,98129cea15b09516b731fcc4e999c116,0
978,e45a910b2075b20ce804a0000ae51e1c,323,2016-11-02 08:43:33,bus_off,98129cea15b09516b731fcc4e999c116,1
705,7af25d17663e78d3cdc189f4ab6c911f,M435,2016-11-02 06:45:36,bus_on,2fbd2d2434b5feb92dffc8e87f013b2a,0
978,7af25d17663e78d3cdc189f4ab6c911f,M435,2016-11-02 08:45:37,bus_off,2fbd2d2434b5feb92dffc8e87f013b2a,1
705,86950a19e2993006f05e90e679d63a7d,M435,2016-11-02 08:19:23,bus_on,e0e778a3008511777f15ac6b2c811b49,0
978,86950a19e2993006f05e90e679d63a7d,M435,2016-11-02 08:55:18,bus_off,e0e778a3008511777f15ac6b2c811b49,1
705,6c8af6e75ff5e161e670526eadd8f79c,323,2016-11-02 08:30:51,bus_on,0073bf07f6ec13aa9f3fa6a8281d3c81,0
978,6c8af6e75ff5e161e670526eadd8f79c,323,2016-11-02 09:03:41,bus_off,0073bf07f6ec13aa9f3fa6a8281d3c81,1
705,b40d78c0608f620854b48768bccd3be4,高峰30线（融资电动）,2016-11-02 07:43:05,bus_on,523ee6bdbc26f5f1e6d9aa1f95107d9e,0
705,b40d78c0608f620854b48768bccd3be4,高峰30线（融资电动）,2016-11-02 07:45:44,bus_off,523ee6bdbc26f5f1e6d9aa1f95107d9e,1
751,0ab1f56d80cfa88564bcdb48ad41acc8,翻身,2016-11-02 08:15:23,subway_on,523ee6bdbc26f5f1e6d9aa1f95107d9e,2
978,6e054ee695777f34b177d148043723e1,深圳大学,2016-11-02 08:42:47,subway_off,523ee6bdbc26f5f1e6d9aa1f95107d9e,3
705,b40d78c0608f620854b48768bccd3be4,高峰30线（融资电动）,2016-11-02 07:46:05,bus_on,9ce9d67f31f643a13a94d8e06553e31f,0
751,b40d78c0608f620854b48768bccd3be4,高峰30线（融资电动）,2016-11-02 07:52:21,bus_off,9ce9d67f31f643a13a94d8e06553e31f,1
796,7e98edaf1c9b25f53c9fdaafae242d36,331(松岗）,2016-11-02 08:10:20,bus_on,9ce9d67f31f643a13a94d8e06553e31f,2
840,7e98edaf1c9b25f53c9fdaafae242d36,331(松岗）,2016-11-02 08:27:45,bus_off,9ce9d67f31f643a13a94d8e06553e31f,3
796,46b46fcd4dc715289986b2170eb46720,高峰30线（融资电动）,2016-11-02 08:18:29,bus_on,9ce9d67f31f643a13a94d8e06553e31f,4
978,46b46fcd4dc715289986b2170eb46720,高峰30线（融资电动）,2016-11-02 09:18:13,bus_off,9ce9d67f31f643a13a94d8e06553e31f,5
705,aca5da3f9530be2563e8b45c46aaa3c8,高峰30线（融资电动）,2016-11-02 07:08:13,bus_on,363c1dee8caaf353b1769bb1ae53e705,0
978,aca5da3f9530be2563e8b45c46aaa3c8,高峰30线（融资电动）,2016-11-02 07:59:22,bus_off,363c1dee8caaf353b1769bb1ae53e705,1
705,9b9b2799db31b1216e55d192149ee8ec,323,2016-11-02 08:53:13,bus_on,de7d009c135a2d75e749a81aa566739b,0
978,9b9b2799db31b1216e55d192149ee8ec,323,2016-11-02 09:18:43,bus_off,de7d009c135a2d75e749a81aa566739b,1
705,9b9b2799db31b1216e55d192149ee8ec,323,2016-11-02 08:52:54,bus_on,18c08902c063a73289878ae22e07e7d5,0
978,9b9b2799db31b1216e55d192149ee8ec,323,2016-11-02 09:18:43,bus_off,18c08902c063a73289878ae22e07e7d5,1
705,7e48683238119d0ef200b38e3767cff4,M435,2016-11-02 08:39:46,bus_on,08a99a5073c9e8715f169e2c60997587,0
978,7e48683238119d0ef200b38e3767cff4,M435,2016-11-02 09:19:40,bus_off,08a99a5073c9e8715f169e2c60997587,1
